Workbook

Sheet TestScenario
B3: Project Name | C3: HRM System
B4: Client | C4: XXX
B5: Reference Document | C5: SRS
B6: Created By | C6: XXX
B7: Creation Date | C7: 45881
B8: Approval Date | C8: DD-MM-YYYY
B10: Test Scenario ID | C10: References | D10: Test Scenario Description | E10: Priority | F10: Number of Tests | G10: Number of Passed Tests | H10: Number of Failed Tests | I10: Number of Not Tested Tests | J10: Number of Fixed Tests
B11: (TS-001) Login Functionality | C11: SRS | D11: Validate the Working of Login Functionality | E11: P0 | F11: =COUNTA(LoginFunctionality!A3:A1000) -> 19 | G11: =COUNTIF(LoginFunctionality!I:I, "Pass") -> 11 | H11: =COUNTIF(LoginFunctionality!I:I, "Fail") -> 0 | I11: =COUNTIF(LoginFunctionality!I:I, "Not Tested") -> 8 | J11: =COUNTIF(LoginFunctionality!I:I, "Fixed") -> 0
B12: (TS-002) Registration Functionality | C12: SRS | D12: Validate the working of Registration Functionality | E12: P0 | F12: =COUNTA(RegistrationFunctionality!A3:A1000) -> 24 | G12: =COUNTIF(RegistrationFunctionality!I:I, "Pass") -> 0 | H12: =COUNTIF(RegistrationFunctionality!I:I, "Fail") -> 0 | I12: =COUNTIF(RegistrationFunctionality!I:I, "Not Tested") -> 24 | J12: =COUNTIF(RegistrationFunctionality!I:I, "Fixed") -> 0
B13: (TS-003) Password Management | C13: SRS | D13: Validate the working of Password Management Functionality | E13: P0 | F13: =COUNTA(PasswordManagement!A3:A1000) -> 43 | G13: =COUNTIF(PasswordManagement!I:I, "Pass") -> 0 | H13: =COUNTIF(PasswordManagement!I:I, "Fail") -> 0 | I13: =COUNTIF(PasswordManagement!I:I, "Not Tested") -> 43 | J13: =COUNTIF(PasswordManagement!I:I, "Fixed") -> 0
B14: (TS-004) Forgot Password | C14: SRS | D14: Validate the working of Forgot Password Functionality | E14: P0 | F14: =COUNTA(ForgotPassword!A3:A1000) -> 10 | G14: =COUNTIF(ForgotPassword!I:I, "Pass") -> 0 | H14: =COUNTIF(ForgotPassword!I:I, "Fail") -> 0 | I14: =COUNTIF(ForgotPassword!I:I, "Not Tested") -> 10 | J14: =COUNTIF(ForgotPassword!I:I, "Fixed") -> 0
B15: (TS-005) Session Management | C15: SRS | D15: Validate the working of Session Management Functionality | E15: P0 | F15: =COUNTA(SessionManagement!A3:A1000) -> 1 | G15: =COUNTIF(SessionManagement!I:I, "Pass") -> #REF! | H15: =COUNTIF(SessionManagement!I:I, "Fail") -> #REF! | I15: =COUNTIF(SessionManagement!I:I, "Not Tested") -> #REF! | J15: =COUNTIF(SessionManagement!I:I, "Fixed") -> #REF!
B16: (TS-006) RBAC Functionality | C16: SRS | D16: Validate the working of Role Based Access Control Functionality | E16: P0 | F16: =COUNTA(RBACFunctionality!A3:A1000) -> 16 | G16: =COUNTIF(RBACFunctionality!I:I, "Pass") -> 3 | H16: =COUNTIF(RBACFunctionality!I:I, "Fail") -> 0 | I16: =COUNTIF(RBACFunctionality!I:I, "Not Tested") -> 13 | J16: =COUNTIF(RBACFunctionality!I:I, "Fixed") -> 0
B17: (TS-007) Log & Audit Functionality | C17: SRS | D17: Validate the working of Log & Audit Functionality | E17: P0 | F17: =COUNTA(LogAuditFunctionality!A3:A1000) -> 35 | G17: =COUNTIF(LogAuditFunctionality!I:I, "Pass") -> 0 | H17: =COUNTIF(LogAuditFunctionality!I:I, "Fail") -> 0 | I17: =COUNTIF(LogAuditFunctionality!I:I, "Not Tested") -> 35 | J17: =COUNTIF(LogAuditFunctionality!I:I, "Fixed") -> 0
B18: (TS-008) Suspicious Activity Detection Functionality | C18: SRS | D18: Validate the working of Suspicious Activity Detection Functionality | E18: P0 | F18: =COUNTA(SADFunctionality!A3:A1000) -> 1 | G18: =COUNTIF(SADFunctionality!I:I, "Pass") -> #REF! | H18: =COUNTIF(SADFunctionality!I:I, "Fail") -> #REF! | I18: =COUNTIF(SADFunctionality!I:I, "Not Tested") -> #REF! | J18: =COUNTIF(SADFunctionality!I:I, "Fixed") -> #REF!
B19: (TS-009) API Functionality | C19: SRS | D19: Validate the working of API Functionality | E19: P0 | F19: =APIFunctionality!F14 -> 508 | G19: =APIFunctionality!G14 -> #REF! | H19: =APIFunctionality!H14 -> #REF! | I19: =APIFunctionality!I14 -> #REF! | J19: =APIFunctionality!J14 -> #REF!
B20: TOTAL | F20: =SUM(F11:F19) -> 657 | G20: =SUM(G11:G19) -> #REF! | H20: =SUM(H11:H19) -> #REF! | I20: =SUM(I11:I19) -> #REF! | J20: =SUM(J11:J19) -> #REF!

Sheet APIFunctionality
B2: <<<TestScenario
B3: Test Scenario ID | C3: References | D3: Test Scenario Description | E3: Priority | F3: Number of Tests | G3: Number of Passed Tests | H3: Number of Failed Tests | I3: Number of Not Tested Tests | J3: Number of Fixed Tests
B4: (TS-API-001) Auth API Functionality | C4: SRS | D4: Validate the Working of Authorization API Functionality | E4: P0 | F4: =AuthAPI!F10 -> 71 | G4: =AuthAPI!G10 -> #REF! | H4: =AuthAPI!H10 -> #REF! | I4: =AuthAPI!I10 -> #REF! | J4: =AuthAPI!J10 -> #REF!
B5: (TS-API-002) Checklists API Functionality | C5: SRS | D5: Validate the Working of Checklist API Functionality | E5: P0 | F5: =COUNTA(ChecklistAPI!A4:A1004) -> 74 | G5: =COUNTIF(ChecklistAPI!K:K, "Pass") -> 56 | H5: =COUNTIF(ChecklistAPI!K:K, "Fail") -> 2 | I5: =COUNTIF(ChecklistAPI!K:K, "Not Tested") -> 11 | J5: =COUNTIF(ChecklistAPI!K:K, "Fixed") -> 0
B6: (TS-API-003) Department API Functionality | C6: SRS | D6: Validate the Working of Department API Functionality | E6: P0 | F6: =COUNTA(DepartmentAPI!A4:A1004) -> 88 | G6: =COUNTIF(DepartmentAPI!K:K, "Pass") -> 62 | H6: =COUNTIF(DepartmentAPI!K:K, "Fail") -> 0 | I6: =COUNTIF(DepartmentAPI!K:K, "Not Tested") -> 21 | J6: =COUNTIF(DepartmentAPI!K:K, "Fixed") -> 0
B7: (TS-API-004) File API Functionality | C7: SRS | D7: Validate the Working of File API Functionality | E7: P0 | F7: =COUNTA(FileAPI!A4:A1004) -> 37 | G7: =COUNTIF(FileAPI!K:K, "Pass") -> 25 | H7: =COUNTIF(FileAPI!K:K, "Fail") -> 3 | I7: =COUNTIF(FileAPI!K:K, "Not Tested") -> 9 | J7: =COUNTIF(FileAPI!K:K, "Fixed") -> 0
B8: (TS-API-005) User API Functionality | C8: SRS | D8: Validate the Working of User API Functionality | E8: P0 | F8: =COUNTA(UserAPI!A4:A1004) -> 38 | G8: =COUNTIF(UserAPI!K:K, "Pass") -> 17 | H8: =COUNTIF(UserAPI!K:K, "Fail") -> 1 | I8: =COUNTIF(UserAPI!K:K, "Not Tested") -> 20 | J8: =COUNTIF(UserAPI!K:K, "Fixed") -> 0
B9: (TS-API-006) User Profile API Functionality | C9: SRS | D9: Validate the Working of User Profile API Functionality | E9: P0 | F9: =COUNTA(UserProfileAPI!A4:A1004) -> 121 | G9: =COUNTIF(UserProfileAPI!K:K, "Pass") -> 102 | H9: =COUNTIF(UserProfileAPI!K:K, "Fail") -> 2 | I9: =COUNTIF(UserProfileAPI!K:K, "Not Tested") -> 12 | J9: =COUNTIF(UserProfileAPI!K:K, "Fixed") -> 0
B10: (TS-API-007) Admin API Functionality | C10: SRS | D10: Validate the workin of Admin API Functionality | E10: P0 | F10: =COUNTA(AdminAPI!A4:A1004) -> 33 | G10: =COUNTIF(AdminAPI!K:K, "Pass") -> 23 | H10: =COUNTIF(AdminAPI!K:K, "Fail") -> 0 | I10: =COUNTIF(AdminAPI!K:K, "Not Tested") -> 10 | J10: =COUNTIF(AdminAPI!K:K, "Fixed") -> 0
B11: (TS-API-008) Entity Type API Functionality | C11: SRS | D11: Validate the working of Entity Type API Functionality | E11: P0 | F11: =COUNTA(EntityTypeAPI!A5:A1004) -> 14 | G11: =COUNTIF(EntityTypeAPI!K:K, "Pass") -> 13 | H11: =COUNTIF(EntityTypeAPI!K:K, "Fail") -> 0 | I11: =COUNTIF(EntityTypeAPI!K:K, "Not Tested") -> 2 | J11: =COUNTIF(EntityTypeAPI!K:K, "Fixed") -> 0
B12: (TS-API-009) Document API Functionality | C12: SRS | D12: Validate the Working of Document API Functionality | E12: P0 | F12: =COUNTA(DocumentAPI!A4:A1004) -> 31 | G12: =COUNTIF(DocumentAPI!K:K, "Pass") -> 12 | H12: =COUNTIF(DocumentAPI!K:K, "Fail") -> 0 | I12: =COUNTIF(DocumentAPI!K:K, "Not Tested") -> 19 | J12: =COUNTIF(DocumentAPI!K:K, "Fixed") -> 0
B13: (TS-API-010) UserChecklist API Functionality | C13: SRS | D13: Validate the Working of UserChecklist API Functionality | E13: P0 | F13: =COUNTA(UserChecklistAPI!A4:A1004) -> 1 | G13: =COUNTIF(UserChecklistAPI!K:K, "Pass") -> #REF! | H13: =COUNTIF(UserChecklistAPI!K:K, "Fail") -> #REF! | I13: =COUNTIF(UserChecklistAPI!K:K, "Not Tested") -> #REF! | J13: =COUNTIF(UserChecklistAPI!K:K, "Fixed") -> #REF!
B14: TOTAL | F14: =SUM(F4:F13) -> 508 | G14: =SUM(G4:G13) -> #REF! | H14: =SUM(H4:H13) -> #REF! | I14: =SUM(I4:I13) -> #REF! | J14: =SUM(J4:J13) -> #REF!

Sheet AuthAPI
B2: <<<TestScenario | C2: <<<APITestScenario
B3: Test Scenario ID | C3: References | D3: Test Scenario Description | E3: Priority | F3: Number of Tests | G3: Number of Passed Tests | H3: Number of Failed Tests | I3: Number of Not Tested Tests | J3: Number of Fixed Tests
B4: (TS-AUTH-API-001) Login API Functionality | C4: SRS | D4: Validate the Working of Login API Functionality | E4: P0 | F4: =COUNTA(LoginAPI!B4:B997) -> 12 | G4: =COUNTIF(LoginAPI!K:K, "Pass") -> 11 | H4: =COUNTIF(LoginAPI!K:K, "Fail") -> 1 | I4: =COUNTIF(LoginAPI!K:K, "Not Tested") -> 0 | J4: =COUNTIF(LoginAPI!K:K, "Fixed") -> 0
B5: (TS-AUTH-API-002) Logout API Functionality | C5: SRS | D5: Validate the Working of Logout API Functionality | E5: P0 | F5: =COUNTA(LogoutAPI!B4:B997) -> 7 | G5: =COUNTIF(LogoutAPI!K:K, "Pass") -> 7 | H5: =COUNTIF(LogoutAPI!K:K, "Fail") -> 0 | I5: =COUNTIF(LogoutAPI!K:K, "Not Tested") -> 0 | J5: =COUNTIF(LogoutAPI!K:K, "Fixed") -> 0
B6: (TS-AUTH-API-003) Forgot Password API Functionality | C6: SRS | D6: Validate the Working of Forgot Passowrd API Functionality | E6: P0 | F6: =COUNTA(ForgotPasswordAPI!B4:B997) -> 15 | G6: =COUNTIF(ForgotPasswordAPI!K:K, "Pass") -> 13 | H6: =COUNTIF(ForgotPasswordAPI!K:K, "Fail") -> 0 | I6: =COUNTIF(ForgotPasswordAPI!K:K, "Not Tested") -> 2 | J6: =COUNTIF(ForgotPasswordAPI!K:K, "Fixed") -> 0
B7: (TS-AUTH-API-004) Token API Functionality | C7: SRS | D7: Validate the Working of Token API Functionality | E7: P0 | F7: =COUNTA(TokenAPI!B4:B997) -> 10 | G7: =COUNTIF(TokenAPI!K:K, "Pass") -> 9 | H7: =COUNTIF(TokenAPI!K:K, "Fail") -> 0 | I7: =COUNTIF(TokenAPI!K:K, "Not Tested") -> 1 | J7: =COUNTIF(TokenAPI!K:K, "Fixed") -> 0
B8: (TS-AUTH-API-005) Reset Password API Functionality | C8: SRS | D8: Validate the Working of Reset Password API Functionality | E8: P0 | F8: =COUNTA(ResetPasswordAPI!B4:B997) -> 1 | G8: =COUNTIF(ResetPasswordAPI!L:L, "Pass") -> #REF! | H8: =COUNTIF(ResetPasswordAPI!L:L, "Fail") -> #REF! | I8: =COUNTIF(ResetPasswordAPI!L:L, "Not Tested") -> #REF! | J8: =COUNTIF(ResetPasswordAPI!L:L, "Fixed") -> #REF!
B9: (TS-AUTH-API-006) Set Password API Functionality | C9: SRS | D9: Validate the Working of Set Password API Functionality | E9: P0 | F9: =COUNTA(SetPasswordAPI!B4:B997) -> 26 | G9: =COUNTIF(SetPasswordAPI!K:K, "Pass") -> 13 | H9: =COUNTIF(SetPasswordAPI!K:K, "Fail") -> 0 | I9: =COUNTIF(SetPasswordAPI!K:K, "Not Tested") -> 13 | J9: =COUNTIF(SetPasswordAPI!K:K, "Fixed") -> 0
B10: TOTAL | F10: =SUM(F4:F9) -> 71 | G10: =SUM(G4:G9) -> #REF! | H10: =SUM(H4:H9) -> #REF! | I10: =SUM(I4:I9) -> #REF! | J10: =SUM(J4:J9) -> #REF!

Sheet EntityTypeAPI
A1: <<<TestScenario | B1: <<<APITestScenario
A2: Test Case ID | B2: Test Scenario | C2: Test Case Title | D2: Method | E2: API Endpoints | F2: Test Data | G2: Pre-requisites | H2: Test Steps | I2: Expected Result | J2: Actual Result | K2: Execution Status | L2: Severity | M2: Priority | N2: Attachments | O2: Notes
B3: Fetch List of User Metadata
A4: API-FETCH-METADATA-001 | B4: (TS-API-008) Entity Type API Functionality | C4: Fetch metadata successfully | D4: GET | E4: /v1/users/metadata | F4: Valid Auth Token | G4: User logged in | H4: Send GET request | I4: Status Code "200 OK" with metadata response | J4: List of metadata is displayed | K4: Pass | L4: High | M4: High | O4: Positive case
A5: API-FETCH-METADATA-002 | B5: (TS-API-008) Entity Type API Functionality | C5: Validate response structure | D5: GET | E5: /v1/users/metadata | F5: Valid Token | G5: User logged in | H5: Send request | I5: Response contains userType, userStatus, role, gender arrays | J5: As expectced | K5: Pass | L5: High | M5: High | O5: Schema validation
A6: API-FETCH-METADATA-003 | B6: (TS-API-008) Entity Type API Functionality | C6: Validate array object structure | D6: GET | E6: /v1/users/metadata | F6: Valid Token | G6: User logged in | H6: Send request | I6: Each object contains value, name, title | J6: As expectced | K6: Pass | L6: Medium | M6: High | O6: Field validation
A7: API-FETCH-METADATA-004 | B7: (TS-API-008) Entity Type API Functionality | C7: Validate value datatype | D7: GET | E7: /v1/users/metadata | F7: Valid Token | G7: User logged in | H7: Send request | I7: value is string | J7: As expectced | K7: Pass | L7: Medium | M7: Medium | O7: Data type check
A8: API-FETCH-METADATA-005 | B8: (TS-API-008) Entity Type API Functionality | C8: Validate name format | D8: GET | E8: /v1/users/metadata | F8: Valid Token | G8: User logged in | H8: Send request | I8: name is uppercase (e.g., FULLTIME) | J8: As expectced | K8: Pass | L8: Low | M8: Low | O8: Format consistency
A9: API-FETCH-METADATA-006 | B9: (TS-API-008) Entity Type API Functionality | C9: Validate title format | D9: GET | E9: /v1/users/metadata | F9: Valid Token | G9: User logged in | H9: Send request | I9: title is human-readable (e.g., Fulltime) | J9: As expectced | K9: Pass | L9: Low | M9: Low | O9: UI validation
A10: API-FETCH-METADATA-007 | B10: (TS-API-008) Entity Type API Functionality | C10: Empty metadata arrays | D10: GET | E10: /v1/users/metadata | F10: Valid Token | G10: No metadata configured | H10: Send request | I10: Returns empty arrays, not null | J10: As expectced | K10: Pass | L10: Medium | M10: Medium | O10: Edge case
A11: API-FETCH-METADATA-008 | B11: (TS-API-008) Entity Type API Functionality | C11: Missing Authorization header | D11: GET | E11: /v1/users/metadata | F11: No Token | H11: Send request | I11: Status Code "401 Unauthorized" with Unauthenticated message | J11: Unauthorized message displayed | K11: Pass | L11: High | M11: High | O11: Authentication
A12: API-FETCH-METADATA-009 | B12: (TS-API-008) Entity Type API Functionality | C12: Invalid JWT token | D12: GET | E12: /v1/users/metadata | F12: Tampered Token | H12: Send request | I12: Status Code "401 Unauthorized" with Unauthenticated message | J12: As expectced | K12: Pass | L12: High | M12: High | O12: Token validation
A13: API-FETCH-METADATA-010 | B13: (TS-API-008) Entity Type API Functionality | C13: Expired JWT token | D13: GET | E13: /v1/users/metadata | F13: Expired Token | H13: Send request | I13: Status Code "401 Unauthorized" with Unauthenticated message | J13: As expectced | K13: Pass | L13: High | M13: High | O13: Token expiry
A14: API-FETCH-METADATA-011 | B14: (TS-API-008) Entity Type API Functionality | C14: Role-based access control | D14: GET | E14: /v1/users/metadata | F14: Limited role token | G14: Role restrictions applied | H14: Send request | I14: Status Code "403 Forbidden" with proper message (If Restricted) | K14: Not tested | L14: High | M14: High | O14: Authorization
A15: API-FETCH-METADATA-012 | B15: (TS-API-008) Entity Type API Functionality | C15: Response time under normal load | D15: GET | E15: /v1/users/metadata | F15: Valid Token | G15: Normal system load | H15: Send request | I15: Response ≤ 2 seconds | J15: As expected | K15: Pass | L15: Low | M15: Low | O15: SLA check
A16: API-FETCH-METADATA-013 | B16: (TS-API-008) Entity Type API Functionality | C16: Response under high load | D16: GET | E16: /v1/users/metadata | F16: Valid Token | G16: 100+ concurrent users | H16: Execute load test | I16: No timeout, stable response | K16: Not tested | L16: Medium | M16: Medium | O16: Load testing
A17: API-FETCH-METADATA-014 | B17: (TS-API-008) Entity Type API Functionality | C17: Database failure handling | D17: GET | E17: /v1/users/metadata | F17: Valid Token | G17: DB unavailable | H17: Send request | I17: Status Code "500 Internal Server Error" | J17: As expected | K17: Pass | L17: High | M17: High | O17: Error handling
A18: API-FETCH-METADATA-015 | B18: (TS-API-008) Entity Type API Functionality | C18: Validate no duplicate values in arrays | D18: GET | E18: /v1/users/metadata | F18: Valid Token | G18: Metadata configured | H18: Send request | I18: No duplicate "value" fields | J18: As expected | K18: Pass | L18: Medium | M18: Medium | O18: Data consistency

Sheet DocumentAPI
A1: <<<TestScenario | B1: <<<APITestScenario
A2: Test Case ID | B2: Test Scenario | C2: Test Case Title | D2: Method | E2: API Endpoints | F2: Test Data | G2: Pre-requisites | H2: Test Steps | I2: Expected Result | J2: Actual Result | K2: Execution Status | L2: Severity | M2: Priority | N2: Attachments | O2: Notes
B3: Return All Document Detail
A4: API-GET-DOCUMENT-001 | B4: (TS-API-009) Document API Functionality | C4: Verify the document is returned | D4: GET | E4: /v1/documents/{user} | F4: valid token, valid ulid of users | G4: user logged in an , user with ulid exist | H4: 1. Send GET request with valid ulid | I4: Status Code "200 OK" and document returned | J4: Documents related to valid ULID returned | K4: Pass | L4: N/A | M4: N/A | O4: Positive test case
A5: API-GET-DOCUMENT-002 | B5: (TS-API-009) Document API Functionality | C5: Verify that the document number is returned in response | D5: GET | E5: /v1/documents/{user} | F5: valid token, valid ulid of users | G5: user logged in an , user with ulid exist | H5: 1. Send GET request with valid ulid | I5: Status Code "200 OK" and response contains document no | J5: As expected | K5: Pass | L5: N/A | M5: N/A | O5: Positive test case
A6: API-GET-DOCUMENT-003 | B6: (TS-API-009) Document API Functionality | C6: Verify that the response contain file ulid and file path | D6: GET | E6: /v1/documents/{user} | F6: valid token, valid ulid of users | G6: user logged in an , user with ulid exist and document also exist | H6: 1. Send GET request with valid ulid | I6: Status Code "200 OK" and response contains file ulid and file path | J6: As expected | K6: Pass | L6: N/A | M6: N/A
A7: API-GET-DOCUMENT-004 | B7: (TS-API-009) Document API Functionality | C7: Verify that the file path is correct and file is available | D7: GET | E7: /v1/documents/{user} | F7: valid token, valid ulid of users | G7: user logged in an , user with ulid exist and file also exist | H7: 1. Send GET request with valid ulid | I7: File path is correct and file is avilabe at that url | K7: Not tested | L7: N/A | M7: N/A
A8: API-GET-DOCUMENT-005 | B8: (TS-API-009) Document API Functionality | C8: Verify unauthorized access | D8: GET | E8: /v1/documents/{user} | F8: No token, valid ulid of user | H8: 1. Send GET request without authentication header | I8: Status Code "401 Unauthorized" with Unauthenticated message | J8: Unauthorized message displayed | K8: Pass | L8: N/A | M8: N/A
A9: API-GET-DOCUMENT-006 | B9: (TS-API-009) Document API Functionality | C9: Verify access with invalid token | D9: GET | E9: /v1/documents/{user} | F9: Expired token, valid ulid | G9: User exists | H9: 1. Send GET with expired token | I9: Status Code "401 Unauthorized" with Unauthenticated message | J9: As expected | K9: Pass | L9: N/A | M9: N/A
A10: API-GET-DOCUMENT-007 | B10: (TS-API-009) Document API Functionality | C10: Verify access with expired token | D10: GET | E10: /v1/documents/{user} | F10: Invalid token, valid ulid | G10: None | H10: 1. Send GET with invalid token | I10: Status Code "401 Unauthorized" with Unauthenticated message | J10: As expected | K10: Pass | L10: N/A | M10: N/A
A11: API-GET-DOCUMENT-008 | B11: (TS-API-009) Document API Functionality | C11: Verify access with insufficient role | D11: GET | E11: /v1/documents/{user} | F11: Valid token (different user), valid ulid | G11: Logged in as another user | H11: 1. Send GET request | I11: Status Code "403 Forbidden" with Proper Message | K11: Not tested | L11: N/A | M11: N/A | O11: Role-based access control
A12: API-GET-DOCUMENT-009 | B12: (TS-API-009) Document API Functionality | C12: Verify behaviour when ulid does not exist | D12: GET | E12: /v1/documents/{user} | F12: Valid token, non-existing ulid | G12: Logged in | H12: 1. Send GET with random ulid | I12: Status Code "404 Not Found" with Proper Message | J12: As expected | K12: Pass | L12: N/A | M12: N/A
A13: API-GET-DOCUMENT-010 | B13: (TS-API-009) Document API Functionality | C13: Verify when ulid parameter is empty | D13: GET | E13: /v1/documents/{user} | F13: Valid token, empty ulid | G13: Logged in | H13: 1. Send GET without ulid | I13: Status Code "404 Not Found" with proper message | J13: As expected | K13: Pass | L13: N/A | M13: N/A
A14: API-GET-DOCUMENT-011 | B14: (TS-API-009) Document API Functionality | C14: Verify response contains correct ULID | D14: GET | E14: /v1/documents/{user} | F14: Valid token, valid ulid | G14: User + document exists | H14: 1. Send GET request | I14: Response ULID matches requested ULID | J14: As expected | K14: Pass | L14: N/A | M14: N/A
A15: API-GET-DOCUMENT-012 | B15: (TS-API-009) Document API Functionality | C15: Verify file object structure | D15: GET | E15: /v1/documents/{user} | F15: Valid token | G15: Document exists | H15: 1. Send GET request | I15: Response contains file.ulid and file.filePath | J15: As expected | K15: Pass | L15: N/A | M15: N/A
A16: API-GET-DOCUMENT-013 | B16: (TS-API-009) Document API Functionality | C16: Verify file path is accessible | D16: GET | E16: /v1/documents/{user} | F16: Valid token | G16: File exists | H16: 1. Send GET 2. Open filePath URL | I16: File loads successfully (200 OK) | K16: Not tested | L16: N/A | M16: N/A
A17: API-GET-DOCUMENT-014 | B17: (TS-API-009) Document API Functionality | C17: Verify response time is under normal load | D17: GET | E17: /v1/documents/{user} | F17: Valid token | G17: System running normally | H17: 1. Send GET request | I17: Response time < 2 seconds | J17: As expected | K17: Pass | L17: N/A | M17: N/A
A18: API-GET-DOCUMENT-015 | B18: (TS-API-009) Document API Functionality | C18: Verify response header content-type | D18: GET | E18: /v1/documents/{user} | F18: Valid token | G18: Document exists | H18: 1. Send GET request | I18: Content-Type: application/json | J18: As expected | K18: Pass | L18: N/A | M18: N/A
B19: Update an existing document
A20: API-UPDATE-DOCUMENT-016 | B20: (TS-API-009) Document API Functionality | C20: Update the documents with all valid files | D20: PUT | E20: /v1/documents/:user | F20: Valid body request with citizenshipNo, citizenshipFront, citizenshipBack, panNo, pan, resume and certificates | G20: User exists | H20: 1. Call API with valid ULID and all valid file ULIDs | I20: Status Code "200 OK" | K20: Not tested | L20: N/A | M20: N/A
A21: API-UPDATE-DOCUMENT-017 | B21: (TS-API-009) Document API Functionality | C21: Update documents without authorization token | D21: PUT | E21: /v1/documents/:user | F21: Same as valid | G21: User exists | H21: 1. Call API without Auth token | I21: Status Code "401 Unauthorized" with Unauthenticated message | K21: Not tested | L21: N/A | M21: N/A
A22: API-UPDATE-DOCUMENT-018 | B22: (TS-API-009) Document API Functionality | C22: Update documents without ULID parameter | D22: PUT | E22: /v1/documents/:user | F22: Same as valid | G22: User exists | H22: 1. Call API endpoint without ULID in URL | I22: Status Code "404 Not Found" with Proper Message | K22: Not tested | L22: N/A | M22: N/A
A23: API-UPDATE-DOCUMENT-019 | B23: (TS-API-009) Document API Functionality | C23: Update document for non-existent user | D23: PUT | E23: /v1/documents/:user | F23: Same as valid | G23: ULID does not exist in system | H23: 1. Call API with ULID that does not exist | I23: Status Code "404 Not Found" with Proper Message | K23: Not tested | L23: N/A | M23: N/A
A24: API-UPDATE-DOCUMENT-020 | B24: (TS-API-009) Document API Functionality | C24: Update document with invalid ULID | D24: PUT | E24: /v1/documents/:user | F24: Same as valid | G24: - | H24: 1. Call API with ULID = "1234-invalid" | I24: Status Code "422 Unprocessable Entity" with Proper Message | K24: Not tested | L24: N/A | M24: N/A
A25: API-UPDATE-DOCUMENT-021 | B25: (TS-API-009) Document API Functionality | C25: Update document with missing citizenshipNo | D25: PUT | E25: /v1/documents/:user | F25: { "citizenshipFront": "...", "citizenshipBack": "...", "panNo": "PAN-987654", "pan": "...", "resume": "...", "certificates": ["..."] } | G25: User exists | H25: 1. Call API without citizenshipNo | I25: Status Code "422 Unprocessable Entity" with Proper Message | K25: Not tested | L25: N/A | M25: N/A
A26: API-UPDATE-DOCUMENT-022 | B26: (TS-API-009) Document API Functionality | C26: Update only PAN and PanNo | D26: PUT | E26: /v1/documents/:user | F26: { "panNo": "PAN-111111", "pan": "01KGEEPAEYH130EG4ZH4SJKZQ9" } | G26: User exists | H26: 1. Call API with only PAN fields | I26: Status Code "200 OK" | K26: Not tested | L26: N/A | M26: N/A
A27: API-UPDATE-DOCUMENT-023 | B27: (TS-API-009) Document API Functionality | C27: Update document without a body | D27: PUT | E27: /v1/documents/:user | F27: {} | G27: User exists | H27: 1. Call API with empty body | I27: Status Code "422 Unprocessable Entity" with Proper Message | K27: Not tested | L27: N/A | M27: N/A
B28: Add Document
A29: API-UPLOAD-DOCUMENT-024 | B29: (TS-API-009) Document API Functionality | C29: Add documents with valid bank details and documents | D29: POST | E29: /v1/documents/upload | F29: Valid bank details and required documents | G29: Authenicated user logged in | H29: 1. Call API with valid body and valid token 2. Capture response body | I29: Status Code "200 OK" , document added successfully | K29: Not tested | L29: N/A | M29: N/A
A30: API-UPLOAD-DOCUMENT-025 | B30: (TS-API-009) Document API Functionality | C30: Add document without authorization token | D30: POST | E30: /v1/documents/upload | F30: Valid bank details and required documents | G30: No token | H30: 1. Call API without auth token | I30: Status Code "401 Unauthorized" with Unauthenrticated message | K30: Not tested | L30: N/A | M30: N/A
A31: API-UPLOAD-DOCUMENT-026 | B31: (TS-API-009) Document API Functionality | C31: Add document with sufficient permissions | D31: POST | E31: /v1/documents/upload | F31: Valid bank details and required documents | G31: Authenticated user without permission | H31: 1. Call API with token that does not have access | I31: Status Code "403 Forbidden" with Proper Message | K31: Not tested | L31: N/A | M31: N/A
A32: API-UPLOAD-DOCUMENT-027 | B32: (TS-API-009) Document API Functionality | C32: Add document with missing bank details | D32: POST | E32: /v1/documents/upload | F32: bankdetails: {empty} | G32: Authenticated user logged in | H32: 1. Call API without bankDetails | I32: Status Code "422 Unprocessable Entity" with proper message | K32: Not tested | L32: N/A | M32: N/A
A33: API-UPLOAD-DOCUMENT-028 | B33: (TS-API-009) Document API Functionality | C33: Add document with missing mandatory document field | D33: POST | E33: /v1/documents/upload | F33: {} | G33: Authenticated user logged in | H33: 1. Call API without citizenshipNo or panNo | I33: Status Code "422 Unprocessable Entity" with proper message | K33: Not tested | L33: N/A | M33: N/A
A34: API-UPLOAD-DOCUMENT-029 | B34: (TS-API-009) Document API Functionality | C34: Add document with empty body | D34: POST | E34: /v1/documents/upload | F34: documents:{empty} | G34: Authenticated user logged in | H34: 1. Call API with empty JSON body | I34: Status Code "422 Unprocessable Entity" with proper message | K34: Not tested | L34: N/A | M34: N/A
A35: API-UPLOAD-DOCUMENT-030 | B35: (TS-API-009) Document API Functionality | C35: Validate bank details object in response | D35: POST | E35: /v1/documents/upload | F35: Valid bank details and required documents | G35: Authenticated user logged in | H35: 1. Call API 2. Capture response and validate all keys | I35: All bankDetails fields exist and correct | K35: Not tested | L35: N/A | M35: N/A
A36: API-UPLOAD-DOCUMENT-031 | B36: (TS-API-009) Document API Functionality | C36: Validate documents array in response | D36: POST | E36: /v1/documents/upload | F36: Valid bank details and required documents | G36: Authenticated user logged in | H36: 1. Call API 2. Verify documents array structure and keys | I36: Each document has ulid, type, documentNo, file.ulid, file.filePath | K36: Not tested | L36: N/A | M36: N/A

Sheet AdminAPI
A1: <<<TestScenario | B1: <<<APITestScenario
A2: Test Case ID | B2: Test Scenario | C2: Test Case Title | D2: Method | E2: API Endpoints | F2: Test Data | G2: Pre-requisites | H2: Test Steps | I2: Expected Result | J2: Actual Result | K2: Execution Status | L2: Severity | M2: Priority | N2: Attachments | O2: Notes
B3: Show All Existing Permissions By Model
A4: API-ADMIN-PERM-LIST-001 | B4: (TS-API-007) Admin API Functionality | C4: Retrieve all permissions successfully | D4: GET | E4: /v1/admin/permissions/list | G4: Admin authenticated | H4: Send GET request | I4: Status Code "200 OK", returns permission list grouped by model | J4: list of permission is displayed as expected | K4: Pass | L4: High | M4: High | O4: Positive case
A5: API-ADMIN-PERM-LIST-002 | B5: (TS-API-007) Admin API Functionality | C5: Validate response structure | D5: GET | E5: /v1/admin/permissions/list | G5: Admin authenticated | H5: Send GET request | I5: Response contains model keys (checklist, department, user) | J5: Response contains different model keys as expected | K5: Pass | L5: Medium | M5: High | O5: Schema validation
A6: API-ADMIN-PERM-LIST-003 | B6: (TS-API-007) Admin API Functionality | C6: Validate permission object structure | D6: GET | E6: /v1/admin/permissions/list | G6: Admin authenticated | H6: Send GET request | I6: Each permission contains id (integer) and action (string) | J6: As expected | K6: Pass | L6: Medium | M6: Medium | O6: Data type validation
A7: API-ADMIN-PERM-LIST-004 | B7: (TS-API-007) Admin API Functionality | C7: Validate multiple actions per model | D7: GET | E7: /v1/admin/permissions/list | G7: Multiple permissions exist | H7: Send GET request | I7: Returns all actions (create, update, delete, view, etc.) | J7: As expected | K7: Pass | L7: Medium | M7: Medium | O7: Coverage check
A8: API-ADMIN-PERM-LIST-005 | B8: (TS-API-007) Admin API Functionality | C8: Access without authentication | D8: GET | E8: /v1/admin/permissions/list | G8: User not logged in | H8: Send GET request | I8: Status Code "401 Unauthorized" with Unauthenticated message | J8: Unauthenticated message displayed | K8: Pass | L8: High | M8: High | O8: Security
A9: API-ADMIN-PERM-LIST-006 | B9: (TS-API-007) Admin API Functionality | C9: Access with non-admin role | D9: GET | E9: /v1/admin/permissions/list | G9: Logged in as normal user | H9: Send GET request | I9: Status Code "403 Forbidden" with proper messge | K9: Not tested | L9: High | M9: High | O9: RBAC validation
A10: API-ADMIN-PERM-LIST-007 | B10: (TS-API-007) Admin API Functionality | C10: Invalid HTTP method | D10: POST | E10: /v1/admin/permissions/list | G10: Admin authenticated | H10: Send POST request | I10: Status Code "405 Method Not Allowed" with proper message | J10: 500 Internal Server Error message displayed | K10: Pass | L10: Medium | M10: Medium | O10: Method validation
A11: API-ADMIN-PERM-LIST-008 | B11: (TS-API-007) Admin API Functionality | C11: Access with expired token | D11: GET | E11: /v1/admin/permissions/list | G11: Token expired | H11: Send GET request | I11: Status Code "401 Unauthorized" with Unauthenticated message | K11: Not tested | L11: High | M11: High | O11: Token validation
A12: API-ADMIN-PERM-LIST-009 | B12: (TS-API-007) Admin API Functionality | C12: Access with tampered JWT | D12: GET | E12: /v1/admin/permissions/list | G12: Invalid token | H12: Send GET request | I12: Status Code "401 Unauthorized" with Unauthenticated message | K12: Not tested | L12: High | M12: High | O12: JWT integrity
A13: API-ADMIN-PERM-LIST-010 | B13: (TS-API-007) Admin API Functionality | C13: IDOR validation | D13: GET | E13: /v1/admin/permissions/list | G13: Different organization admin | H13: Send GET request | I13: Only permissions for authorized scope returned | K13: Not tested | L13: High | M13: High | O13: Data isolation
A14: API-ADMIN-PERM-LIST-011 | B14: (TS-API-007) Admin API Functionality | C14: Response time validation | D14: GET | E14: /v1/admin/permissions/list | G14: System under normal load | H14: Send GET request | I14: Response within SLA (≤2 sec) | J14: As expected | K14: Pass | L14: Low | M14: Low | O14: Performance
A15: API-ADMIN-PERM-LIST-012 | B15: (TS-API-007) Admin API Functionality | C15: Server failure handling | D15: GET | E15: /v1/admin/permissions/list | G15: DB/service unavailable | H15: Send GET request | I15: Status Code "500 Internal Server Error" With Proper Message | J15: As expected | K15: Pass | L15: High | M15: High | O15: Error handling
A16: API-ADMIN-PERM-LIST-013 | B16: (TS-API-007) Admin API Functionality | C16: Ensure no duplicate permission IDs | D16: GET | E16: /v1/admin/permissions/list | G16: Admin authenticated | H16: Send GET request | I16: No duplicate IDs within same model | J16: As expected | K16: Pass | L16: Medium | M16: Medium | O16: Data consistency
A17: API-ADMIN-PERM-LIST-014 | B17: (TS-API-007) Admin API Functionality | C17: Large number of permissions | D17: GET | E17: /v1/admin/permissions/list | G17: 1000+ permissions exist | H17: Send GET request | I17: API returns complete list without truncation | K17: Not tested | L17: Medium | M17: Medium | O17: Scalability
B18: Assign Permissions To An Existing Role
A19: API-ADMIN-ASSIGN-PERM-015 | B19: (TS-API-007) Admin API Functionality | C19: Assign permission to existing role | D19: POST | E19: /v1/admin/roles/permissions | F19: role="manager", permissionIds=[1] | G19: Admin authenticated, role exists | H19: Send POST request with valid payload | I19: Status Code "200 OK", response contains name, permissions_count, and permissions grouped by model | J19: Status 200 OK returned with expected response | K19: Pass | L19: High | M19: High | O19: Positive case
A20: API-ADMIN-ASSIGN-PERM-016 | B20: (TS-API-007) Admin API Functionality | C20: Assign multiple permissions | D20: POST | E20: /v1/admin/roles/permissions | F20: permissionIds=[1,5,7] | G20: Role exists | H20: Send POST request | I20: All permissions reflected in response | J20: All assigned permission displayed successfully in response body | K20: Pass | L20: High | M20: High | O20: Multiple entries
A21: API-ADMIN-ASSIGN-PERM-017 | B21: (TS-API-007) Admin API Functionality | C21: Validate permissions_count accuracy | D21: POST | E21: /v1/admin/roles/permissions | F21: Valid payload | G21: Role exists | H21: Send POST request | I21: permissions_count equals total assigned permissions | J21: Permission count is accurate | K21: Pass | L21: High | M21: High | O21: Data validation
A22: API-ADMIN-ASSIGN-PERM-018 | B22: (TS-API-007) Admin API Functionality | C22: Validate response schema | D22: POST | E22: /v1/admin/roles/permissions | F22: Valid payload | G22: Role exists | H22: Send POST request | I22: Response contains name, permissions_count, permissions object | J22: As expected | K22: Pass | L22: Medium | M22: High | O22: Schema validation
A23: API-ADMIN-ASSIGN-PERM-019 | B23: (TS-API-007) Admin API Functionality | C23: Missing role field | D23: POST | E23: /v1/admin/roles/permissions | F23: permissionIds=[1] | G23: Admin authenticated | H23: Send request without role | I23: Validation error message must be displayed | J23: 422 validation error is displayed | K23: Pass | L23: High | M23: High | O23: Required field
A24: API-ADMIN-ASSIGN-PERM-020 | B24: (TS-API-007) Admin API Functionality | C24: Missing permissionIds field | D24: POST | E24: /v1/admin/roles/permissions | F24: role="manager" | G24: Admin authenticated | H24: Send request without permissionIds | I24: Validation error message must be displayed | J24: As expected | K24: Pass | L24: High | M24: High | O24: Required field
A25: API-ADMIN-ASSIGN-PERM-021 | B25: (TS-API-007) Admin API Functionality | C25: Empty permissionIds array | D25: POST | E25: /v1/admin/roles/permissions | F25: permissionIds=[] | G25: Role exists | H25: Send POST request | I25: Validation error message must be displayed | J25: Validation error for mandatory field is displayed | K25: Pass | L25: Medium | M25: Medium | O25: Boundary case
A26: API-ADMIN-ASSIGN-PERM-022 | B26: (TS-API-007) Admin API Functionality | C26: Invalid role name | D26: POST | E26: /v1/admin/roles/permissions | F26: role="invalidRole" | G26: Admin authenticated | H26: Send POST request | I26: Status Code "422 Unprocessable Entity" | J26: As expected | K26: Pass | L26: Medium | M26: Medium | O26: Role validation
A27: API-ADMIN-ASSIGN-PERM-023 | B27: (TS-API-007) Admin API Functionality | C27: Invalid permission ID | D27: POST | E27: /v1/admin/roles/permissions | F27: permissionIds=[999] | G27: Role exists | H27: Send POST request | I27: Status Code "422 Unprocessable Entity" | J27: As expected | K27: Pass | L27: Medium | M27: Medium | O27: Permission validation
A28: API-ADMIN-ASSIGN-PERM-024 | B28: (TS-API-007) Admin API Functionality | C28: Duplicate permission IDs | D28: POST | E28: /v1/admin/roles/permissions | F28: permissionIds=[1,1] | G28: Role exists | H28: Send POST request | I28: Duplicate ignored or validation error | J28: Duplicate ignored as expected | K28: Pass | L28: Low | M28: Low | O28: Data integrity
A29: API-ADMIN-ASSIGN-PERM-025 | B29: (TS-API-007) Admin API Functionality | C29: Without authentication | D29: POST | E29: /v1/admin/roles/permissions | F29: Valid payload | G29: User not logged in | H29: Send POST request | I29: Status Code "401 Unauthorized" | J29: Unauthorized message displayed | K29: Pass | L29: High | M29: High | O29: Authentication
A30: API-ADMIN-ASSIGN-PERM-026 | B30: (TS-API-007) Admin API Functionality | C30: Without admin permission | D30: POST | E30: /v1/admin/roles/permissions | F30: Valid payload | G30: Logged in as normal user | H30: Send POST request | I30: Status Code "403 Forbidden" | K30: Not tested | L30: High | M30: High | O30: RBAC
A31: API-ADMIN-ASSIGN-PERM-027 | B31: (TS-API-007) Admin API Functionality | C31: Expired token | D31: POST | E31: /v1/admin/roles/permissions | F31: Valid payload | G31: Token expired | H31: Send POST request | I31: Status Code "401 Unauthorized" | J31: As expected | K31: Pass | L31: High | M31: High | O31: Token validation
A32: API-ADMIN-ASSIGN-PERM-028 | B32: (TS-API-007) Admin API Functionality | C32: Tampered JWT token | D32: POST | E32: /v1/admin/roles/permissions | F32: Valid payload | G32: Invalid token | H32: Send POST request | I32: Status Code "401 Unauthorized" | K32: Not tested | L32: High | M32: High | O32: JWT integrity
A33: API-ADMIN-ASSIGN-PERM-029 | B33: (TS-API-007) Admin API Functionality | C33: IDOR attempt (other organization role) | D33: POST | E33: /v1/admin/roles/permissions | F33: Role from another org | G33: Multi-tenant system | H33: Send POST request | I33: Status Code "403 Forbidden" | K33: Not tested | L33: Critical | M33: High | O33: Data isolation
A34: API-ADMIN-ASSIGN-PERM-030 | B34: (TS-API-007) Admin API Functionality | C34: Large number of permissions | D34: POST | E34: /v1/admin/roles/permissions | F34: 1000+ permissionIds | G34: Role exists | H34: Send POST request | I34: Processed successfully within SLA | K34: Not tested | L34: Medium | M34: Medium | O34: Scalability
A35: API-ADMIN-ASSIGN-PERM-031 | B35: (TS-API-007) Admin API Functionality | C35: Response time validation | D35: POST | E35: /v1/admin/roles/permissions | F35: Valid payload | G35: Normal system load | H35: Send POST request | I35: Response ≤ 2 seconds | J35: As expected | K35: Pass | L35: Low | M35: Low | O35: SLA validation
A36: API-ADMIN-ASSIGN-PERM-032 | B36: (TS-API-007) Admin API Functionality | C36: Database failure handling | D36: POST | E36: /v1/admin/roles/permissions | F36: Valid payload | G36: DB unavailable | H36: Send POST request | I36: Status Code "500 Internal Server Error" | K36: Not tested | L36: High | M36: High | O36: Error handling
A37: API-ADMIN-ASSIGN-PERM-033 | B37: (TS-API-007) Admin API Functionality | C37: Verify permissions after assignment | D37: GET | E37: /v1/admin/roles/{role}/permissions | F37: role="manager" | G37: Permissions assigned | H37: Retrieve permissions | I37: Assigned permissions visible in response | J37: Assigned permission is visible in response body | K37: Pass | L37: High | M37: High | O37: Post-condition validation

Sheet ChecklistAPI
A1: <<<TestScenario | B1: <<<APITestScenario
A2: Test Case ID | B2: Test Scenario | C2: Test Case Title | D2: Method | E2: API Endpoints | F2: Test Data | G2: Pre-requisites | H2: Test Steps | I2: Expected Result | J2: Actual Result | K2: Execution Status | L2: Severity | M2: Priority | N2: Attachments | O2: Notes
A3: Show An Existing Checklist
A4: API-GET-CHECKLIST-ID-001 | B4: (TS-API-002) Checklists API Functionality | C4: Retrieve checklist with valid ULID | D4: GET | E4: /v1/checklists/{checklist} | F4: checklist = valid ULID | G4: Checklist exists, user authenticated | H4: 1. Send GET request with valid ULID | I4: Status Code "200 OK", response contains ulid, name, type | J4: Checklist matched with ULID is returned | K4: Pass | L4: High | M4: High | O4: Positive test case
A5: API-GET-CHECKLIST-ID-002 | B5: (TS-API-002) Checklists API Functionality | C5: Retrieve non-existing checklist | D5: GET | E5: /v1/checklists/{checklist} | F5: checklist = non-existing ULID | G5: User authenticated | H5: Send GET request | I5: Status Code "404 Not Found", checklist not found | J5: Checklist not found | K5: Pass | L5: Medium | M5: Medium | O5: Negative test
A6: API-GET-CHECKLIST-ID-003 | B6: (TS-API-002) Checklists API Functionality | C6: Retrieve checklist with invalid ULID format | D6: GET | E6: /v1/checklists/{checklist} | F6: checklist = %4%%4% | G6: User authenticated | H6: Send GET request | I6: Status Code "400 Bad Request", invalid ULID format | J6: Bad request response returned | K6: Pass | L6: Medium | M6: Medium | O6: Validation
A7: API-GET-CHECKLIST-ID-004 | B7: (TS-API-002) Checklists API Functionality | C7: Retrieve checklist without authentication | D7: GET | E7: /v1/checklists/{checklist} | F7: checklist = valid ULID | G7: User not authenticated | H7: Send GET request | I7: Status Code "401 Unauthorized" with Unauthenticated message | J7: Unauthorized returned | K7: Pass | L7: High | M7: High | O7: Security
A8: API-GET-CHECKLIST-ID-005 | B8: (TS-API-002) Checklists API Functionality | C8: Retrieve checklist without permission | D8: GET | E8: /v1/checklists/{checklist} | F8: checklist = valid ULID | G8: User lacks permission | H8: Send GET request | I8: Status Code "403 Forbidden" with proper message | K8: Not tested | L8: High | M8: High | O8: Authorization
A9: API-GET-CHECKLIST-ID-006 | B9: (TS-API-002) Checklists API Functionality | C9: Verify response schema | D9: GET | E9: /v1/checklists/{checklist} | F9: checklist = valid ULID | G9: Checklist exists | H9: Send GET request | I9: Response matches schema (ulid, name, type) | J9: As expected | K9: Pass | L9: Low | M9: Low | O9: Schema validation
A10: API-GET-CHECKLIST-ID-007 | B10: (TS-API-002) Checklists API Functionality | C10: Verify data accuracy | D10: GET | E10: /v1/checklists/{checklist} | F10: checklist = valid ULID | G10: Checklist exists | H10: Send GET request | I10: Response values match DB records | J10: As expected | K10: Pass | L10: Medium | M10: Medium | O10: Data integrity
A11: API-GET-CHECKLIST-ID-008 | B11: (TS-API-002) Checklists API Functionality | C11: Content-Type header validation | D11: GET | E11: /v1/checklists/{checklist} | F11: valid ULID | G11: Checklist exists | H11: Send GET request | I11: Content-Type: application/json | J11: As expected | K11: Pass | L11: Low | M11: Low | O11: Header validation
A12: API-GET-CHECKLIST-ID-009 | B12: (TS-API-002) Checklists API Functionality | C12: Server error handling | D12: GET | E12: /v1/checklists/{checklist} | F12: valid ULID | G12: DB/service down | H12: Send GET request | I12: Status Code "500 Internal Server Error" | J12: Internal server error message displayed | K12: Pass | L12: High | M12: High | O12: Reliability
A13: Show All Exisitng Checklist
A14: API-GET-ALL-CHECKLIST-001 | B14: (TS-API-002) Checklists API Functionality | C14: Retrieve all checklists successfully | D14: GET | E14: v1/checklists/list | F14: N/A | G14: User authenticated, checklists exist | H14: 1. Send GET request | I14: 200 OK, list of checklists returned | J14: All checklist are returned successfully | K14: Pass | L14: High | M14: High | O14: Positive test case
A15: API-GET-ALL-CHECKLIST-002 | B15: (TS-API-002) Checklists API Functionality | C15: Verify response structure | D15: GET | E15: v1/checklists/list | F15: N/A | G15: Checklists exist | H15: Send GET request | I15: Each checklist contains ulid, name, type | J15: As expected | K15: Pass | L15: Low | M15: Low | O15: Schema validation
A16: API-GET-ALL-CHECKLIST-003 | B16: (TS-API-002) Checklists API Functionality | C16: Retrieve checklist list when no records exist | D16: GET | E16: v1/checklists/list | F16: N/A | G16: No checklist available | H16: Send GET request | I16: 200 OK, empty list returned | J16: Empty list exists | K16: Pass | L16: Medium | M16: Medium | O16: Edge case
A17: API-GET-ALL-CHECKLIST-004 | B17: (TS-API-002) Checklists API Functionality | C17: Retrieve checklist list without authentication | D17: GET | E17: v1/checklists/list | F17: N/A | G17: User not authenticated | H17: Send GET request | I17: 401 Unauthorized | J17: Unauhorized message displayed | K17: Pass | L17: High | M17: High | O17: Security
A18: API-GET-ALL-CHECKLIST-005 | B18: (TS-API-002) Checklists API Functionality | C18: Retrieve checklist list without permission | D18: GET | E18: v1/checklists/list | F18: N/A | G18: User lacks permission | H18: Send GET request | I18: 403 Forbidden | K18: Not tested | L18: High | M18: High | O18: Authorization
A19: API-GET-ALL-CHECKLIST-006 | B19: (TS-API-002) Checklists API Functionality | C19: Performance – response time | D19: GET | E19: v1/checklists/list | F19: N/A | G19: Large number of records | H19: Send GET request | I19: Response within SLA | J19: As expected | K19: Pass | L19: Low | M19: Low | O19: Performance
A20: API-GET-ALL-CHECKLIST-007 | B20: (TS-API-002) Checklists API Functionality | C20: Content-Type validation | D20: GET | E20: v1/checklists/list | F20: N/A | G20: Checklists exist | H20: Send GET request | I20: Content-Type: application/json | J20: As expected | K20: Pass | L20: Low | M20: Low | O20: Header validation
A21: API-GET-ALL-CHECKLIST-008 | B21: (TS-API-002) Checklists API Functionality | C21: Server error handling | D21: GET | E21: v1/checklists/list | F21: N/A | G21: DB/service down | H21: Send GET request | I21: 500 Internal Server Error | J21: As expected | K21: Pass | L21: High | M21: High | O21: Reliability
A22: Add A Checklist
A23: API-ADD-CHECKLIST-001 | B23: (TS-API-002) Checklists API Functionality | C23: Add checklist with valid data | D23: POST | E23: /v1/checklists | F23: name = "Laptop Request", type = 1 | G23: User authenticated | H23: Send POST request with valid payload | I23: Status Code "201 Created", checklist created and response contains ulid, name, type | J23: New checklist added successfully | K23: Pass | L23: High | M23: High | O23: Positive test case
A24: API-ADD-CHECKLIST-002 | B24: (TS-API-002) Checklists API Functionality | C24: Add checklist with missing name | D24: POST | E24: /v1/checklists | F24: type = 1 | G24: User authenticated | H24: Send POST request without name | I24: Status Code "422 Unprocessable Entity" with validation error for name | J24: Validation error displayed as expected | K24: Pass | L24: High | M24: High | O24: Field validation
A25: API-ADD-CHECKLIST-003 | B25: (TS-API-002) Checklists API Functionality | C25: Add checklist with missing type | D25: POST | E25: /v1/checklists | F25: name = "Laptop Request" | G25: User authenticated | H25: Send POST request without type | I25: Status Code "422 Unprocessable Entity" with validation error for type | J25: As expected | K25: Pass | L25: High | M25: High | O25: Field validation
A26: API-ADD-CHECKLIST-004 | B26: (TS-API-002) Checklists API Functionality | C26: Add checklist with invalid type value | D26: POST | E26: /v1/checklists | F26: name="Laptop Request", type=99 | G26: User authenticated | H26: Send POST request with invalid type | I26: Status Code "400 Bad Request", invalid type error | J26: Invalid type error displayed | K26: Pass | L26: Medium | M26: Medium | O26: Enum validation
A27: API-ADD-CHECKLIST-005 | B27: (TS-API-002) Checklists API Functionality | C27: Add checklist with duplicate name | D27: POST | E27: /v1/checklists | F27: name = existing checklist | G27: Checklist already exists | H27: Send POST request | I27: Status Code "409 Conflict", duplicate checklist error | J27: Duplicate checklist error displayed as expected | K27: Pass | L27: Medium | M27: Medium | O27: Uniqueness check
A28: API-ADD-CHECKLIST-006 | B28: (TS-API-002) Checklists API Functionality | C28: Add checklist with empty payload | D28: POST | E28: /v1/checklists | F28: {} | G28: User authenticated | H28: Send POST request with empty payload | I28: Status Code "422 Unprocessable Entity" | J28: As expected | K28: Pass | L28: Medium | M28: Medium | O28: Negative case
A29: API-ADD-CHECKLIST-007 | B29: (TS-API-002) Checklists API Functionality | C29: Add checklist without authentication | D29: POST | E29: /v1/checklists | F29: Valid payload | G29: User not authenticated | H29: Send POST request | I29: Status Code "401 Unauthorized" | J29: Unaauthorized messgae displayed | K29: Pass | L29: High | M29: High | O29: Security
A30: API-ADD-CHECKLIST-008 | B30: (TS-API-002) Checklists API Functionality | C30: Add checklist without permission | D30: POST | E30: /v1/checklists | F30: Valid payload | G30: User lacks permission | H30: Send POST request | I30: Status Code "403 Forbidden" | K30: Not tested | L30: High | M30: High | O30: Authorization
A31: API-ADD-CHECKLIST-009 | B31: (TS-API-002) Checklists API Functionality | C31: Verify response schema | D31: POST | E31: /v1/checklists | F31: Valid payload | G31: Checklist created | H31: Send POST request | I31: Response contains ulid, name, type | J31: Response body contains required objects | K31: Pass | L31: Low | M31: Low | O31: Schema validation
A32: API-ADD-CHECKLIST-010 | B32: (TS-API-002) Checklists API Functionality | C32: Performance – checklist creation time | D32: POST | E32: /v1/checklists | F32: Valid payload | G32: System under normal load | H32: Send POST request | I32: Response within SLA (≤2 sec) | K32: Not tested | L32: Low | M32: Low | O32: Performance
A33: API-ADD-CHECKLIST-011 | B33: (TS-API-002) Checklists API Functionality | C33: Server error handling | D33: POST | E33: /v1/checklists | F33: Valid payload | G33: DB/service unavailable | H33: Send POST request | I33: Status Code "500 Internal Server Error" | J33: As expected | K33: Pass | L33: High | M33: High | O33: Reliability
A34: Get Checklist
A35: API-GET-CHECKLIST-001 | B35: (TS-API-002) Checklists API Functionality | C35: Retrieve checklist with valid filters | D35: GET | E35: /v1/checklists | F35: page=1, perPage=10, name="", type=1 | G35: User authenticated, checklists exist | H35: Send GET request with valid query params | I35: Status Code "200 OK", filtered checklist list returned | J35: All checklist mathed with type 1 is displayed successfully | K35: Pass | L35: High | M35: High | O35: Positive test case
A36: API-GET-CHECKLIST-002 | B36: (TS-API-002) Checklists API Functionality | C36: Retrieve checklist with pagination only | D36: GET | E36: /v1/checklists | F36: page=1, perPage=10 | G36: User authenticated | H36: Send GET request with pagination params | I36: Status Code "200 OK", paginated results returned | J36: As expected | K36: Pass | L36: Medium | M36: Medium | O36: Pagination
A37: API-GET-CHECKLIST-003 | B37: (TS-API-002) Checklists API Functionality | C37: Filter checklist by name | D37: GET | E37: /v1/checklists | F37: name="Laptop" | G37: User authenticated | H37: Send GET request with name filter | I37: Matching checklists returned | J37: Matching checklists are returned | K37: Pass | L37: Medium | M37: Medium | O37: Search
A38: API-GET-CHECKLIST-004 | B38: (TS-API-002) Checklists API Functionality | C38: Filter checklist by type | D38: GET | E38: /v1/checklists | F38: type=1 | G38: User authenticated | H38: Send GET request with type filter | I38: Only type=1 checklists returned | J38: As expected | K38: Pass | L38: Medium | M38: Medium | O38: Enum filter
A39: API-GET-CHECKLIST-005 | B39: (TS-API-002) Checklists API Functionality | C39: Filter checklist with no matching records | D39: GET | E39: /v1/checklists | F39: name="XYZ" | G39: User authenticated | H39: Send GET request | I39: Status Code "200 OK" empty list returned | J39: Empty array returned | K39: Pass | L39: Low | M39: Low | O39: Edge case
A40: API-GET-CHECKLIST-006 | B40: (TS-API-002) Checklists API Functionality | C40: Invalid page number | D40: GET | E40: /v1/checklists | F40: page=-1 | G40: User authenticated | H40: Send GET request | I40: Status Code "400 Bad Request" with proper message stating invalid page | J40: Initial page returns | K40: Fail | L40: Medium | M40: Medium | O40: Validation
A41: API-GET-CHECKLIST-007 | B41: (TS-API-002) Checklists API Functionality | C41: Invalid perPage value | D41: GET | E41: /v1/checklists | F41: perPage=0 | G41: User authenticated | H41: Send GET request | I41: Status Code "400 Bad Request" with proper message stating invalid perPage | J41: Initial page returns | K41: Fail | L41: Medium | M41: Medium | O41: Validation
A42: API-GET-CHECKLIST-008 | B42: (TS-API-002) Checklists API Functionality | C42: Invalid type value | D42: GET | E42: /v1/checklists | F42: type=99 | G42: User authenticated | H42: Send GET request | I42: Return empty array | J42: Empty array returns | K42: Pass | L42: Medium | M42: Medium | O42: Enum validation
A43: API-GET-CHECKLIST-009 | B43: (TS-API-002) Checklists API Functionality | C43: Retrieve checklist without authentication | D43: GET | E43: /v1/checklists | F43: Valid params | G43: User not authenticated | H43: Send GET request | I43: Status Code "401 Unauthorized" with Unauthenticated message | J43: Unauthorized message displayed | K43: Pass | L43: High | M43: High | O43: Security
A44: API-GET-CHECKLIST-010 | B44: (TS-API-002) Checklists API Functionality | C44: Retrieve checklist without permission | D44: GET | E44: /v1/checklists | F44: Valid params | G44: User lacks permission | H44: Send GET request | I44: Status Code "403 Forbidden" with proper message | K44: Not tested | L44: High | M44: High | O44: Authorization
A45: API-GET-CHECKLIST-011 | B45: (TS-API-002) Checklists API Functionality | C45: SQL injection in query params | D45: GET | E45: /v1/checklists | F45: name=' OR 1=1 -- | G45: User authenticated | H45: Send malicious request | I45: Request rejected, no data leak | K45: Not tested | L45: High | M45: High | O45: Security
A46: API-GET-CHECKLIST-012 | B46: (TS-API-002) Checklists API Functionality | C46: XSS attempt in query params | D46: GET | E46: /v1/checklists | F46: name=<script> | G46: User authenticated | H46: Send malicious request | I46: Input sanitized / rejected | K46: Not tested | L46: High | M46: High | O46: Security
A47: API-GET-CHECKLIST-013 | B47: (TS-API-002) Checklists API Functionality | C47: Verify response schema | D47: GET | E47: /v1/checklists | F47: Valid params | G47: Checklists exist | H47: Send GET request | I47: Each item contains ulid, name, type | J47: As expected | K47: Pass | L47: Low | M47: Low | O47: Schema
A48: API-GET-CHECKLIST-014 | B48: (TS-API-002) Checklists API Functionality | C48: Verify pagination metadata | D48: GET | E48: /v1/checklists | F48: page=1, perPage=10 | G48: Pagination enabled | H48: Send GET request | I48: Correct pagination info returned | J48: Correct pagination returned | K48: Pass | L48: Low | M48: Low | O48: Meta validation
A49: API-GET-CHECKLIST-015 | B49: (TS-API-002) Checklists API Functionality | C49: Performance – filtered list response time | D49: GET | E49: /v1/checklists | F49: Valid params | G49: Large dataset | H49: Send GET request | I49: Response within SLA | J49: As expected | K49: Pass | L49: Low | M49: Low | O49: Performance
A50: API-GET-CHECKLIST-016 | B50: (TS-API-002) Checklists API Functionality | C50: Content-Type header validation | D50: GET | E50: /v1/checklists | F50: Valid params | G50: Checklists exist | H50: Send GET request | I50: Content-Type: application/json | J50: As expected | K50: Pass | L50: Low | M50: Low | O50: Header
A51: API-GET-CHECKLIST-017 | B51: (TS-API-002) Checklists API Functionality | C51: Server error handling | D51: GET | E51: /v1/checklists | F51: Valid params | G51: DB/service down | H51: Send GET request | I51: Status Code "500 Internal Server Error" | J51: As expected | K51: Pass | L51: High | M51: High | O51: Reliability
A52: Update An Existing Checklist
A53: API-UPDATE-CHECKLIST-001 | B53: (TS-API-002) Checklists API Functionality | C53: Update checklist with valid data | D53: PUT | E53: /v1/checklists/{checklist} | F53: name=Request Laptop, type=1 | G53: User logged in, checklist exists | H53: Send PUT request with valid payload | I53: Status Code "200 OK", checklist updated successfully | J53: Checklist updated successfully | K53: Pass | L53: N/A | M53: N/A | O53: Positive test case
A54: API-UPDATE-CHECKLIST-002 | B54: (TS-API-002) Checklists API Functionality | C54: Update checklist name only | D54: PUT | E54: /v1/checklists/{checklist} | F54: name=Request Laptop | G54: Checklist exists | H54: Send PUT request | I54: Status Code "200 OK", name updated | J54: Name updated | K54: Pass | L54: N/A | M54: N/A | O54: Partial update allowed
A55: API-UPDATE-CHECKLIST-003 | B55: (TS-API-002) Checklists API Functionality | C55: Update checklist with empty name | D55: PUT | E55: /v1/checklists/{checklist} | F55: name="", type=1 | G55: Checklist exists | H55: Send PUT request | I55: Status Code "422 Unprocessable Entity" with proper validation message | J55: As expected | K55: Pass | L55: Medium | M55: High | O55: Field validation
A56: API-UPDATE-CHECKLIST-004 | B56: (TS-API-002) Checklists API Functionality | C56: Update checklist with invalid type | D56: PUT | E56: /v1/checklists/{checklist} | F56: name=Request Laptop, type=99 | G56: Checklist exists | H56: Send PUT request | I56: Status Code "400 Bad Request" with proper message | J56: As expected | K56: Pass | L56: Medium | M56: Medium | O56: Invalid enum
A57: API-UPDATE-CHECKLIST-005 | B57: (TS-API-002) Checklists API Functionality | C57: Update checklist without login | D57: PUT | E57: /v1/checklists/{checklist} | F57: Valid payload | G57: User not logged in | H57: Send PUT request | I57: Status Code "401 Unauthorized" with Unauthenticated message | J57: Unauthorized message displayed | K57: Pass | L57: High | M57: High | O57: Auth required
A58: API-UPDATE-CHECKLIST-006 | B58: (TS-API-002) Checklists API Functionality | C58: Update non-existing checklist | D58: PUT | E58: /v1/checklists/{checklist} | F58: Valid payload | G58: Checklist does not exist | H58: Send PUT request | I58: Status Code "404 Not Found" with proper message | J58: As expected | K58: Pass | L58: Medium | M58: Medium | O58: Invalid ULID
A59: API-UPDATE-CHECKLIST-007 | B59: (TS-API-002) Checklists API Functionality | C59: Update checklist with invalid ULID format | D59: PUT | E59: /v1/checklists/{checklist} | F59: Valid payload | H59: Send PUT request | I59: Status Code "400 Bad Request" with proper message | J59: As expected | K59: Pass | L59: Medium | M59: Medium | O59: ULID validation
A60: API-UPDATE-CHECKLIST-008 | B60: (TS-API-002) Checklists API Functionality | C60: Verify response fields | D60: PUT | E60: /v1/checklists/{checklist} | F60: Valid payload | G60: Checklist exists | H60: Send PUT request | I60: Response contains ulid, name, type | J60: As expected | K60: Pass | L60: N/A | M60: N/A | O60: Schema validation
A61: API-UPDATE-CHECKLIST-009 | B61: (TS-API-002) Checklists API Functionality | C61: Update checklist response time | D61: PUT | E61: /v1/checklists/{checklist} | F61: Valid payload | G61: Checklist exists | H61: Send PUT request | I61: Response ≤ 2 seconds | J61: As expected | K61: Pass | L61: Low | M61: Low | O61: Performance check
A62: API-UPDATE-CHECKLIST-010 | B62: (TS-API-002) Checklists API Functionality | C62: Update checklist without payload | D62: PUT | E62: /v1/checklists/{checklist} | F62: Empty body | G62: Checklist exists | H62: Send PUT request without body | I62: Status Code "422 Unprocessable Entity" with proper validation message | J62: As expected | K62: Pass | L62: Medium | M62: High | O62: Payload required
A63: API-UPDATE-CHECKLIST-011 | B63: (TS-API-002) Checklists API Functionality | C63: Update checklist with null values | D63: PUT | E63: /v1/checklists/{checklist} | F63: name=null, type=null | G63: Checklist exists | H63: Send PUT request | I63: Status Code "422 Unprocessable Entity" with proper validation message | J63: As expected | K63: Pass | L63: Medium | M63: Medium | O63: Null validation
A64: API-UPDATE-CHECKLIST-012 | B64: (TS-API-002) Checklists API Functionality | C64: Update checklist with extra fields | D64: PUT | E64: /v1/checklists/{checklist} | F64: name, type, extraField | G64: Checklist exists | H64: Send PUT request | I64: Status Code "422 Unprocessable Entity" with proper validation message | J64: As expected | K64: Pass | L64: Low | M64: Low | O64: Schema validation
A65: API-UPDATE-CHECKLIST-013 | B65: (TS-API-002) Checklists API Functionality | C65: Unauthorized role updating checklist | D65: PUT | E65: /v1/checklists/{checklist} | F65: Valid payload | G65: Logged in as unauthorized role | H65: Send PUT request | I65: Status Code "403 Forbidden" with proper message | K65: Not tested | L65: High | M65: High | O65: Role-based access
A66: API-UPDATE-CHECKLIST-014 | B66: (TS-API-002) Checklists API Functionality | C66: Update checklist with expired token | D66: PUT | E66: /v1/checklists/{checklist} | F66: Valid payload | G66: Token expired | H66: Send PUT request | I66: Status Code "401 Unauthorized" with Unauthenticated message | J66: As expected | K66: Pass | L66: High | M66: High | O66: Token validation
A67: API-UPDATE-CHECKLIST-015 | B67: (TS-API-002) Checklists API Functionality | C67: Verify update audit trail | D67: PUT | E67: /v1/checklists/{checklist} | F67: Valid payload | G67: Audit logging enabled | H67: Update checklist | I67: Update logged with user & timestamp | K67: Not tested | L67: Low | M67: Low | O67: Compliance
A68: Delete An Existing Checklist
A69: API-DELETE-CHECKLIST-001 | B69: (TS-API-002) Checklists API Functionality | C69: Delete checklist with valid ULID | D69: DELETE | E69: /v1/checklists/{checklist} | F69: checklist=valid ULID | G69: User logged in, checklist exists | H69: Send DELETE request | I69: Status Code "204 No Content", checklist deleted | J69: Checklist deleted successfully | K69: Pass | L69: N/A | M69: N/A | O69: Positive test case
A70: API-DELETE-CHECKLIST-002 | B70: (TS-API-002) Checklists API Functionality | C70: Verify checklist deleted successfully | D70: GET | E70: /v1/checklists/{checklist} | F70: Same ULID | G70: Checklist deleted | H70: Send GET request | I70: Status Code "404 Not Found" with proper message | J70: Deleted checklist is removed from list | K70: Pass | L70: N/A | M70: N/A | O70: Data integrity
A71: API-DELETE-CHECKLIST-003 | B71: (TS-API-002) Checklists API Functionality | C71: Delete checklist without authentication | D71: DELETE | E71: /v1/checklists/{checklist} | F71: Valid ULID | G71: User not logged in | H71: Send DELETE request | I71: Status Code "401 Unauthorized" with Unauthenticated message | J71: Unauthorized message is displayed | K71: Pass | L71: High | M71: High | O71: Auth required
A72: API-DELETE-CHECKLIST-004 | B72: (TS-API-002) Checklists API Functionality | C72: Delete checklist with insufficient role | D72: DELETE | E72: /v1/checklists/{checklist} | F72: Valid ULID | G72: Logged in as unauthorized role | H72: Send DELETE request | I72: Status Code "403 Forbidden" with proper message | K72: Not tested | L72: High | M72: High | O72: RBAC validation
A73: API-DELETE-CHECKLIST-005 | B73: (TS-API-002) Checklists API Functionality | C73: Delete non-existing checklist | D73: DELETE | E73: /v1/checklists/{checklist} | F73: Non-existing ULID | G73: User logged in | H73: Send DELETE request | I73: Status Code "404 Not Found" with proper message | J73: 4040 Not Found returned | K73: Pass | L73: Medium | M73: Medium | O73: Invalid resource
A74: API-DELETE-CHECKLIST-006 | B74: (TS-API-002) Checklists API Functionality | C74: Delete checklist with invalid ULID format | D74: DELETE | E74: /v1/checklists/{checklist} | F74: Invalid ULID | G74: User logged in | H74: Send DELETE request | I74: Status Code "400 Bad Request" with proper message | J74: As expected | K74: Pass | L74: Medium | M74: Medium | O74: ULID validation
A75: API-DELETE-CHECKLIST-007 | B75: (TS-API-002) Checklists API Functionality | C75: Delete checklist already deleted | D75: DELETE | E75: /v1/checklists/{checklist} | F75: Deleted ULID | G75: Checklist already removed | H75: Send DELETE request again | I75: Status Code "404 Not Found" with proper message | J75: As expected | K75: Pass | L75: Low | M75: Low | O75: Idempotency check
A76: API-DELETE-CHECKLIST-008 | B76: (TS-API-002) Checklists API Functionality | C76: Delete checklist with expired token | D76: DELETE | E76: /v1/checklists/{checklist} | F76: Valid ULID | G76: Token expired | H76: Send DELETE request | I76: Status Code "401 Unauthorized" with Unauthenticated message | J76: Unauthorized message is displayed | K76: Pass | L76: High | M76: High | O76: Token validation
A77: API-DELETE-CHECKLIST-009 | B77: (TS-API-002) Checklists API Functionality | C77: Delete checklist response time | D77: DELETE | E77: /v1/checklists/{checklist} | F77: Valid ULID | G77: Checklist exists | H77: Send DELETE request | I77: Response ≤ 2 seconds | J77: As expected | K77: Not tested | L77: Low | M77: Low | O77: Performance

Sheet DepartmentAPI
A1: <<<TestScenario | B1: <<<APITestScenario
A2: Test Case ID | B2: Test Scenario | C2: Test Case Title | D2: Method | E2: API Endpoints | F2: Test Data | G2: Pre-requisites | H2: Test Steps | I2: Expected Result | J2: Actual Result | K2: Execution Status | L2: Severity | M2: Priority | N2: Attachments | O2: Notes
A3: Show All Existing Department
A4: API-FETCH-ALL -DEPT-001 | B4: (TS-API-003) Department API Functionality | C4: Fetch list of all departments successfully | D4: GET | E4: /v1/departments/list | F4: N/A | G4: Valid auth token | H4: Send GET request | I4: 200 OK, list of departments returned | J4: All list of departments are displyed | K4: Pass | L4: N/A | M4: N/A
A5: API-FETCH-ALL -DEPT-002 | B5: (TS-API-003) Department API Functionality | C5: Validate department response schema | D5: GET | E5: /v1/departments/list | F5: N/A | G5: Valid auth token | H5: Send GET request | I5: Each department contains ulid and name | J5: As expected | K5: Pass | L5: N/A | M5: N/A
A6: API-FETCH-ALL -DEPT-003 | B6: (TS-API-003) Department API Functionality | C6: Verify ULID format | D6: GET | E6: /v1/departments/list | F6: N/A | G6: Valid auth token | H6: Send request | I6: ulid is non-empty and valid string | J6: As expected | K6: Pass | L6: N/A | M6: N/A
A7: API-FETCH-ALL -DEPT-004 | B7: (TS-API-003) Department API Functionality | C7: Verify department name is not null | D7: GET | E7: /v1/departments/list | F7: N/A | G7: Valid auth token | H7: Send request | I7: name is non-empty string | J7: As expected | K7: Pass | L7: N/A | M7: N/A
A8: API-FETCH-ALL -DEPT-005 | B8: (TS-API-003) Department API Functionality | C8: Fetch departments without authentication | D8: GET | E8: /v1/departments/list | F8: N/A | G8: No token | H8: Send request | I8: 401 Unauthorized | J8: Unauthorized message returned | K8: Pass | L8: N/A | M8: N/A
A9: API-FETCH-ALL -DEPT-006 | B9: (TS-API-003) Department API Functionality | C9: Fetch departments with invalid token | D9: GET | E9: /v1/departments/list | F9: N/A | G9: Invalid token | H9: Send request | I9: 401 Unauthorized | J9: As expected | K9: Pass | L9: N/A | M9: N/A
A10: API-FETCH-ALL -DEPT-007 | B10: (TS-API-003) Department API Functionality | C10: Fetch departments with insufficient permission | D10: GET | E10: /v1/departments/list | F10: N/A | G10: Valid token, no permission | H10: Send request | I10: 403 Forbidden | K10: Not tested | L10: N/A | M10: N/A
A11: API-FETCH-ALL -DEPT-008 | B11: (TS-API-003) Department API Functionality | C11: No departments exist in system | D11: GET | E11: /v1/departments/list | F11: N/A | G11: Valid token, empty DB | H11: Send request | I11: 404 Not Found | K11: Not tested | L11: N/A | M11: N/A
A12: API-FETCH-ALL -DEPT-009 | B12: (TS-API-003) Department API Functionality | C12: Verify response type is array | D12: GET | E12: /v1/departments/list | F12: N/A | G12: Valid auth token | H12: Send request | I12: Response is an array of objects | J12: Response type is array | K12: Pass | L12: N/A | M12: N/A
A13: API-FETCH-ALL -DEPT-010 | B13: (TS-API-003) Department API Functionality | C13: Verify response content type | D13: GET | E13: /v1/departments/list | F13: N/A | G13: Valid auth token | H13: Send request | I13: Content-Type is application/json | J13: As expected | K13: Pass | L13: N/A | M13: N/A
A14: API-FETCH-ALL -DEPT-011 | B14: (TS-API-003) Department API Functionality | C14: Verify duplicate department entries are not returned | D14: GET | E14: /v1/departments/list | F14: N/A | G14: Valid auth token | H14: Send request | I14: No duplicate ulid values | J14: As expected | K14: Pass | L14: N/A | M14: N/A
A15: API-FETCH-ALL -DEPT-012 | B15: (TS-API-003) Department API Functionality | C15: Performance check for department list | D15: GET | E15: /v1/departments/list | F15: N/A | G15: Valid auth token | H15: Send request | I15: Response within acceptable time | J15: As expected | K15: Pass | L15: N/A | M15: N/A
A16: Get Department
A17: API-GET-DEPART-013 | B17: (TS-API-003) Department API Functionality | C17: Fetch department with valid page,perPage, and name | D17: GET | E17: /v1/departments | F17: page=1, per_page=2, name=HR | G17: Valid auth token | H17: Send GET request | I17: 200 OK, returns department matching name | J17: Mathing department returned with correct pagination | K17: Pass | L17: N/A | M17: N/A
A18: API-GET-DEPART-014 | B18: (TS-API-003) Department API Functionality | C18: Fetch department with valid name only | D18: GET | E18: /v1/departments | F18: name=HR | G18: Valid auth token | H18: Send GET request | I18: 200 OK, returns all matching departments | J18: As expected | K18: Pass | L18: N/A | M18: N/A
A19: API-GET-DEPART-015 | B19: (TS-API-003) Department API Functionality | C19: fetch department with department only | D19: GET | E19: /v1/departments | F19: page=1, per_page=2 | G19: Valid auth token | H19: Send GET request | I19: 200 OK, first 2 departments returned | J19: First 2 departments returned | K19: Pass | L19: N/A | M19: N/A
A20: API-GET-DEPART-016 | B20: (TS-API-003) Department API Functionality | C20: Fetch department with non-existing name | D20: GET | E20: /v1/departments | F20: name=NonExist | G20: Valid auth token | H20: Send GET request | I20: 404 Not Found | J20: As expected | K20: Pass | L20: N/A | M20: N/A
A21: API-GET-DEPART-017 | B21: (TS-API-003) Department API Functionality | C21: Fetch department with page beyond last | D21: GET | E21: /v1/departments | F21: page=99, per_page=2, name=HR | G21: Valid auth token | H21: Send GET request | I21: 404 Not Found or empty array | J21: Empty array returned | K21: Pass | L21: N/A | M21: N/A
A22: API-GET-DEPART-018 | B22: (TS-API-003) Department API Functionality | C22: Fetch department without authorization | D22: GET | E22: /v1/departments | F22: page=1, per_page=2, name=HR | G22: No token | H22: Send GET request | I22: 401 Unauthorized | J22: Unauthorized message returned | K22: Pass | L22: N/A | M22: N/A
A23: API-GET-DEPART-019 | B23: (TS-API-003) Department API Functionality | C23: Fetch department with invalid token | D23: GET | E23: /v1/departments | F23: page=1, per_page=2, name=HR | G23: Invalid token | H23: Send GET request | I23: 401 Unauthorized | J23: As expected | K23: Pass | L23: N/A | M23: N/A
A24: API-GET-DEPART-020 | B24: (TS-API-003) Department API Functionality | C24: Fetch department with insufficient permission | D24: GET | E24: /v1/departments | F24: page=1, per_page=2, name=HR | G24: User lacks permission | H24: Send GET request | I24: 403 Forbidden | K24: Not tested | L24: N/A | M24: N/A
A25: API-GET-DEPART-021 | B25: (TS-API-003) Department API Functionality | C25: Fetch department with page=0 | D25: GET | E25: /v1/departments | F25: page=0, per_page=2, name=HR | G25: Valid auth token | H25: Send GET request | I25: 422 Unprocessable Entity or treated as 1 | J25: Initial page returned | K25: Pass | L25: N/A | M25: N/A
A26: API-GET-DEPART-022 | B26: (TS-API-003) Department API Functionality | C26: Fetch department with perPage=0 | D26: GET | E26: /v1/departments | F26: page=1, per_page=0, name=HR | G26: Valid auth token | H26: Send GET request | I26: 422 Unprocessable Entity | K26: Not tested | L26: N/A | M26: N/A
A27: API-GET-DEPART-023 | B27: (TS-API-003) Department API Functionality | C27: Fetch department with negative page | D27: GET | E27: /v1/departments | F27: page=-1, per_page=2, name=HR | G27: Valid auth token | H27: Send GET request | I27: 422 Unprocessable Entity | K27: Not tested | L27: N/A | M27: N/A
A28: API-GET-DEPART-024 | B28: (TS-API-003) Department API Functionality | C28: Fetch department with special characters in name | D28: GET | E28: /v1/departments | F28: name=@HR! | G28: Valid auth token | H28: Send GET request | I28: 404 Not Found or sanitized response | J28: Not Found returned | K28: Pass | L28: N/A | M28: N/A
A29: API-GET-DEPART-025 | B29: (TS-API-003) Department API Functionality | C29: Fetch department with non-numeric page/perPage | D29: GET | E29: /v1/departments | F29: page=abc, per_page=xyz | G29: Valid auth token | H29: Send GET request | I29: 422 Unprocessable Entity | K29: Not tested | L29: N/A | M29: N/A
A30: API-GET-DEPART-026 | B30: (TS-API-003) Department API Functionality | C30: Verify Content-Type header | D30: GET | E30: /v1/departments | F30: page=1, per_page=2, name=HR | G30: Valid auth token | H30: Send GET request | I30: Content-Type = application/json | J30: As expected | K30: Pass | L30: N/A | M30: N/A
A31: API-GET-DEPART-027 | B31: (TS-API-003) Department API Functionality | C31: Performance Check | D31: GET | E31: /v1/departments | F31: page=1, per_page=2, name=HR | G31: Valid auth token | H31: Send GET request | I31: Response within SLA | J31: As expected | K31: Pass | L31: N/A | M31: N/A
A32: Show an existing Department(specific)
A33: API-SHOW-DEPART-028 | B33: (TS-API-003) Department API Functionality | C33: Fetch existing department by valid ULID | D33: GET | E33: /v1/departments/:department | F33: :department=valid ULID | G33: Department exists, valid auth token | H33: Send GET request | I33: 200 OK, returns department with ulid & name | J33: Department's ulid and name is returned as expected | K33: Pass | L33: N/A | M33: N/A
A34: API-SHOW-DEPART-029 | B34: (TS-API-003) Department API Functionality | C34: Fetch department with non-existing ULID | D34: GET | E34: /v1/departments/:department | F34: :department=invalid ULID | G34: Valid auth token | H34: Send GET request | I34: 404 Not Found | J34: As expected | K34: Pass | L34: N/A | M34: N/A
A35: API-SHOW-DEPART-030 | B35: (TS-API-003) Department API Functionality | C35: Fetch department without authentication | D35: GET | E35: /v1/departments/:department | F35: :department=valid ULID | G35: No token | H35: Send GET request | I35: 401 Unauthorized | J35: As expected | K35: Pass | L35: N/A | M35: N/A
A36: API-SHOW-DEPART-031 | B36: (TS-API-003) Department API Functionality | C36: Fetch department with invalid token | D36: GET | E36: /v1/departments/:department | F36: :department=valid ULID | G36: Invalid token | H36: Send GET request | I36: 401 Unauthorized | J36: As expected | K36: Pass | L36: N/A | M36: N/A
A37: API-SHOW-DEPART-032 | B37: (TS-API-003) Department API Functionality | C37: Fetch department with insufficient permission | D37: GET | E37: /v1/departments/:department | F37: :department=valid ULID | G37: Valid token, user not allowed | H37: Send GET request | I37: 403 Forbidden | K37: Not tested | L37: N/A | M37: N/A
A38: API-SHOW-DEPART-033 | B38: (TS-API-003) Department API Functionality | C38: Fetch department with malformed ULID | D38: GET | E38: /v1/departments/:department | F38: :department=malformedULID | G38: Valid token | H38: Send GET request | I38: 422 Unprocessable Entity OR 404 | J38: As expected | K38: Pass | L38: N/A | M38: N/A
A39: API-SHOW-DEPART-034 | B39: (TS-API-003) Department API Functionality | C39: Verify response schema | D39: GET | E39: /v1/departments/:department | F39: :department=valid ULID | G39: Department exists | H39: Send GET request | I39: Response contains ulid (string) & name (string) | J39: As expected | K39: Pass | L39: N/A | M39: N/A
A40: API-SHOW-DEPART-035 | B40: (TS-API-003) Department API Functionality | C40: Verify Content-Type header | D40: GET | E40: /v1/departments/:department | F40: :department=valid ULID | G40: Department exists | H40: Send GET request | I40: Content-Type = application/json | J40: As expected | K40: Pass | L40: N/A | M40: N/A
A41: API-SHOW-DEPART-036 | B41: (TS-API-003) Department API Functionality | C41: Performance check | D41: GET | E41: /v1/departments/:department | F41: :department=valid ULID | G41: Department exists | H41: Send GET request | I41: Response within acceptable SLA | J41: As expected | K41: Pass | L41: N/A | M41: N/A
A42: Delete an existing Department
A43: API-DEL-DEPART-037 | B43: (TS-API-003) Department API Functionality | C43: Delete department with valid ULID | D43: DELETE | E43: /v1/departments/{department} | F43: Valid ULID | G43: Department exists | H43: Send DELETE request with valid ULID | I43: 204 No Content, department deleted successfully | J43: Department deleted successfully | K43: Pass | L43: High | M43: High | O43: Positive case
A44: API-DEL-DEPART-038 | B44: (TS-API-003) Department API Functionality | C44: Verify department is removed from DB | D44: DELETE | E44: /v1/departments/{department} | F44: Valid ULID | G44: Department exists | H44: Delete department → Fetch same department | I44: 404 Not Found on fetch | J44: Deleted department is removed from database | K44: Pass | L44: High | M44: High | O44: Data validation
A45: API-DEL-DEPART-039 | B45: (TS-API-003) Department API Functionality | C45: Invalid ULID format | D45: DELETE | E45: /v1/departments/{department} | F45: Invalid ULID (abc123) | H45: Send DELETE request | I45: 404 Not Found | J45: Not found | K45: Pass | L45: High | M45: High | O45: ULID validation
A46: API-DEL-DEPART-040 | B46: (TS-API-003) Department API Functionality | C46: Non-existing department ULID | D46: DELETE | E46: /v1/departments/{department} | F46: Random ULID | H46: Send DELETE request | I46: 404 Not Found | J46: As expected | K46: Pass | L46: High | M46: High | O46: Resource validation
A47: API-DEL-DEPART-041 | B47: (TS-API-003) Department API Functionality | C47: Empty ULID parameter | D47: DELETE | E47: /v1/departments/{department} | F47: Empty value | H47: Send DELETE request | I47: 405 Not Found | J47: As expected | K47: Pass | L47: Medium | M47: Medium | O47: Edge case
A48: API-DEL-DEPART-042 | B48: (TS-API-003) Department API Functionality | C48: Without authentication token | D48: DELETE | E48: /v1/departments/{department} | F48: Valid ULID | G48: User not logged in | H48: Send DELETE request | I48: 401 Unauthorized | J48: Unauthorized message displayed | K48: Pass | L48: Critical | M48: High | O48: Authentication
A49: API-DEL-DEPART-043 | B49: (TS-API-003) Department API Functionality | C49: Tampered/Invalid token | D49: DELETE | E49: /v1/departments/{department} | F49: Valid ULID | G49: Invalid token | H49: Send DELETE request | I49: 401 Unauthorized | J49: Unauthorized message displayed | K49: Pass | L49: High | M49: High | O49: Security validation
A50: API-DEL-DEPART-044 | B50: (TS-API-003) Department API Functionality | C50: User without delete permission | D50: DELETE | E50: /v1/departments/{department} | F50: Valid ULID | G50: Logged in user without delete rights | H50: Send DELETE request | I50: 403 Forbidden | K50: Not tested | L50: Critical | M50: High | O50: Role-based access
A51: API-DEL-DEPART-045 | B51: (TS-API-003) Department API Functionality | C51: Delete department linked to users | D51: DELETE | E51: /v1/departments/{department} | F51: Valid ULID | G51: Department assigned to users | H51: Send DELETE request | I51: 409 Conflict or validation error | J51: Validation error as expected | K51: Pass | L51: High | M51: High | O51: Referential integrity
A52: API-DEL-DEPART-046 | B52: (TS-API-003) Department API Functionality | C52: Soft delete validation (if applicable) | D52: DELETE | E52: /v1/departments/{department} | F52: Valid ULID | G52: Soft delete enabled | H52: Send DELETE request | I52: Record marked inactive, not physically removed | K52: Not tested | L52: Medium | M52: Medium | O52: System behavior
A53: API-DEL-DEPART-047 | B53: (TS-API-003) Department API Functionality | C53: Response time validation | D53: DELETE | E53: /v1/departments/{department} | F53: Valid ULID | G53: Normal load | H53: Send DELETE request | I53: Response ≤ 2 seconds | J53: As expected | K53: Pass | L53: Low | M53: Low | O53: SLA check
A54: API-DEL-DEPART-048 | B54: (TS-API-003) Department API Functionality | C54: Database failure during deletion | D54: DELETE | E54: /v1/departments/{department} | F54: Valid ULID | G54: DB unavailable | H54: Send DELETE request | I54: 500 Internal Server Error | K54: Not tested | L54: High | M54: High | O54: Error handling
A55: Update an existing Department
A56: API-UPDATE-DEPART-050 | B56: (TS-API-003) Department API Functionality | C56: Update department with valid ULID and name | D56: PUT | E56: /v1/departments/{department} | F56: Valid ULID, name="HR" | G56: Department exists | H56: Send PUT request with valid data | I56: 200 OK, department updated successfully | J56: Department added successfully | K56: Pass | L56: High | M56: High | O56: Positive case
A57: API-UPDATE-DEPART-051 | B57: (TS-API-003) Department API Functionality | C57: Verify updated name in DB | D57: PUT | E57: /v1/departments/{department} | F57: Valid ULID | G57: Department exists | H57: Update → Fetch department | I57: Updated name reflected in response | J57: Updated name returned | K57: Pass | L57: High | M57: High | O57: Data validation
A58: API-UPDATE-DEPART-052 | B58: (TS-API-003) Department API Functionality | C58: Invalid ULID format | D58: PUT | E58: /v1/departments/{department} | F58: Invalid ULID | H58: Send PUT request | I58: 404 Not Found | J58: As expected | K58: Pass | L58: High | M58: High | O58: ULID validation
A59: API-UPDATE-DEPART-053 | B59: (TS-API-003) Department API Functionality | C59: Non-existing department ULID | D59: PUT | E59: /v1/departments/{department} | F59: Random ULID | H59: Send PUT request | I59: 404 Not Found | J59: As expected | K59: Pass | L59: High | M59: High | O59: Resource validation
A60: API-UPDATE-DEPART-054 | B60: (TS-API-003) Department API Functionality | C60: Missing name field | D60: PUT | E60: /v1/departments/{department} | F60: {} | G60: Department exists | H60: Send PUT request | I60: 400 Bad Request (Validation error) | J60: As expected | K60: Pass | L60: High | M60: High | O60: Mandatory field
A61: API-UPDATE-DEPART-055 | B61: (TS-API-003) Department API Functionality | C61: Empty name value | D61: PUT | E61: /v1/departments/{department} | F61: name="" | G61: Department exists | H61: Send PUT request | I61: 400 Bad Request | J61: As expected | K61: Pass | L61: Medium | M61: High | O61: Boundary case
A62: API-UPDATE-DEPART-056 | B62: (TS-API-003) Department API Functionality | C62: Name with max length allowed | D62: PUT | E62: /v1/departments/{department} | F62: name=255 chars | G62: Department exists | H62: Send PUT request | I62: 200 OK | J62: As expected | K62: Pass | L62: Medium | M62: Medium | O62: Length boundary
A63: API-UPDATE-DEPART-057 | B63: (TS-API-003) Department API Functionality | C63: Name exceeding max length | D63: PUT | E63: /v1/departments/{department} | F63: name > allowed limit | G63: Department exists | H63: Send PUT request | I63: 400 Bad Request | K63: Not tested | L63: Medium | M63: Medium | O63: Validation rule
A64: API-UPDATE-DEPART-058 | B64: (TS-API-003) Department API Functionality | C64: Duplicate department name | D64: PUT | E64: /v1/departments/{department} | F64: Existing name | G64: Another department with same name exists | H64: Send PUT request | I64: 422 Unprocessable Entity | J64: As expected | K64: Pass | L64: High | M64: High | O64: Uniqueness rule
A65: API-UPDATE-DEPART-059 | B65: (TS-API-003) Department API Functionality | C65: Without authentication | D65: PUT | E65: /v1/departments/{department} | F65: Valid ULID | G65: Not logged in | H65: Send PUT request | I65: 401 Unauthorized | J65: As expected | K65: Pass | L65: Critical | M65: High | O65: Authentication
A66: API-UPDATE-DEPART-060 | B66: (TS-API-003) Department API Functionality | C66: Expired token | D66: PUT | E66: /v1/departments/{department} | F66: Valid ULID | G66: Expired token | H66: Send PUT request | I66: 401 Unauthorized | J66: As expected | K66: Pass | L66: High | M66: High | O66: Token validation
A67: API-UPDATE-DEPART-061 | B67: (TS-API-003) Department API Functionality | C67: User without update permission | D67: PUT | E67: /v1/departments/{department} | F67: Valid ULID | G67: Logged in without permission | H67: Send PUT request | I67: 403 Forbidden | J67: As expected | K67: Pass | L67: Critical | M67: High | O67: RBAC
A68: API-UPDATE-DEPART-062 | B68: (TS-API-003) Department API Functionality | C68: IDOR – update department of another tenant | D68: PUT | E68: /v1/departments/{department} | F68: Other tenant ULID | G68: Logged in as different tenant | H68: Send PUT request | I68: 403 Forbidden | K68: Not tested | L68: Critical | M68: High | O68: Data isolation
A69: API-UPDATE-DEPART-063 | B69: (TS-API-003) Department API Functionality | C69: Response time validation | D69: PUT | E69: /v1/departments/{department} | F69: Valid ULID | G69: Normal load | H69: Send PUT request | I69: Response ≤ 2 seconds | J69: As expected | K69: Pass | L69: Low | M69: Low | O69: SLA check
A70: API-UPDATE-DEPART-064 | B70: (TS-API-003) Department API Functionality | C70: Concurrent update requests | D70: PUT | E70: /v1/departments/{department} | F70: Valid ULID | G70: Multiple users | H70: Send simultaneous PUT requests | I70: Last valid update persists, no corruption | K70: Not tested | L70: Medium | M70: Medium | O70: Concurrency
A71: API-UPDATE-DEPART-065 | B71: (TS-API-003) Department API Functionality | C71: Database failure during update | D71: PUT | E71: /v1/departments/{department} | F71: Valid ULID | G71: DB unavailable | H71: Send PUT request | I71: 500 Internal Server Error | K71: Not tested | L71: High | M71: High | O71: Error handling
A72: API-UPDATE-DEPART-066 | B72: (TS-API-003) Department API Functionality | C72: SQL Injection attempt in name field | D72: PUT | E72: /v1/departments/{department} | F72: name="HR'; DROP TABLE --" | G72: Department exists | H72: Send PUT request | I72: 400 Bad Request / input sanitized | K72: Not tested | L72: Critical | M72: High | O72: Injection prevention
A73: API-UPDATE-DEPART-067 | B73: (TS-API-003) Department API Functionality | C73: XSS attempt in name field | D73: PUT | E73: /v1/departments/{department} | F73: name="alert(1)" | G73: Department exists | H73: Send PUT request | I73: Input rejected or sanitized | K73: Not tested | L73: Critical | M73: High | O73: XSS prevention
A74: Add a Department
A75: API-ADD-DEPART-068 | B75: (TS-API-003) Department API Functionality | C75: Add department with valid name | D75: POST | E75: /v1/departments | F75: name="HR" | G75: Authenticated user with create permission | H75: Send POST request | I75: 201 Created, department added successfully | J75: New department added successfully | K75: Pass | L75: High | M75: High | O75: Positive case
A76: API-ADD-DEPART-069 | B76: (TS-API-003) Department API Functionality | C76: Validate response structure | D76: POST | E76: /v1/departments | F76: name="HR" | H76: Send POST request | I76: Response contains ulid and name | J76: Response contains object as expected | K76: Pass | L76: High | M76: High | O76: Schema validation
A77: API-ADD-DEPART-070 | B77: (TS-API-003) Department API Functionality | C77: Verify ULID format | D77: POST | E77: /v1/departments | F77: name="HR" | H77: Send POST request | I77: ulid is valid ULID format | J77: As expected | K77: Pass | L77: Medium | M77: Medium | O77: ID validation
A78: API-ADD-DEPART-071 | B78: (TS-API-003) Department API Functionality | C78: Verify data persistence | D78: POST | E78: /v1/departments | F78: name="HR" | H78: Add department → Fetch department | I78: Department exists in DB | J78: New department exists in database | K78: Pass | L78: High | M78: High | O78: Data validation
A79: API-ADD-DEPART-072 | B79: (TS-API-003) Department API Functionality | C79: Missing name field | D79: POST | E79: /v1/departments | F79: {} | H79: Send POST request | I79: Validation error | J79: As expected | K79: Pass | L79: High | M79: High | O79: Mandatory field
A80: API-ADD-DEPART-073 | B80: (TS-API-003) Department API Functionality | C80: Empty name value | D80: POST | E80: /v1/departments | F80: name="" | H80: Send POST request | I80: Validation error | J80: As expected | K80: Pass | L80: High | M80: High | O80: Boundary case
A81: API-ADD-DEPART-074 | B81: (TS-API-003) Department API Functionality | C81: Name at max allowed length | D81: POST | E81: /v1/departments | F81: name=255 chars | H81: Send POST request | I81: 201 Created | J81: As expected | K81: Pass | L81: Medium | M81: Medium | O81: Length validation
A82: API-ADD-DEPART-075 | B82: (TS-API-003) Department API Functionality | C82: Name exceeding max length | D82: POST | E82: /v1/departments | F82: name > allowed limit | H82: Send POST request | I82: 400 Bad Request/ 422 Unprocessable entity | J82: 422 error message | K82: Pass | L82: Medium | M82: Medium | O82: Validation rule
A83: API-ADD-DEPART-076 | B83: (TS-API-003) Department API Functionality | C83: Duplicate department name | D83: POST | E83: /v1/departments | F83: name="HR" (existing) | G83: HR already exists | H83: Send POST request | I83: 409 Conflict or validation error | J83: Validtaion error message displayed | K83: Pass | L83: High | M83: High | O83: Uniqueness rule
A84: API-ADD-DEPART-077 | B84: (TS-API-003) Department API Functionality | C84: Without authentication | D84: POST | E84: /v1/departments | F84: name="HR" | G84: Not logged in | H84: Send POST request | I84: 401 Unauthorized | J84: As expected | K84: Pass | L84: Critical | M84: High | O84: Authentication
A85: API-ADD-DEPART-078 | B85: (TS-API-003) Department API Functionality | C85: Expired JWT token | D85: POST | E85: /v1/departments | F85: name="HR" | G85: Expired token | H85: Send POST request | I85: 401 Unauthorized | J85: As expected | K85: Pass | L85: High | M85: High | O85: Token validation
A86: API-ADD-DEPART-079 | B86: (TS-API-003) Department API Functionality | C86: User without create permission | D86: POST | E86: /v1/departments | F86: name="HR" | G86: Logged in without permission | H86: Send POST request | I86: 403 Forbidden | K86: Not tested | L86: Critical | M86: High | O86: RBAC
A87: API-ADD-DEPART-080 | B87: (TS-API-003) Department API Functionality | C87: SQL Injection attempt | D87: POST | E87: /v1/departments | F87: name="HR'; DROP TABLE --" | H87: Send POST request | I87: 400 Bad Request / sanitized input | K87: Not tested | L87: Critical | M87: High | O87: Injection prevention
A88: API-ADD-DEPART-081 | B88: (TS-API-003) Department API Functionality | C88: XSS attempt | D88: POST | E88: /v1/departments | F88: name="alert(1)" | H88: Send POST request | I88: Input rejected or sanitized | K88: Not tested | L88: Critical | M88: High | O88: XSS prevention
A89: API-ADD-DEPART-082 | B89: (TS-API-003) Department API Functionality | C89: Response time validation | D89: POST | E89: /v1/departments | F89: name="Finance" | G89: Normal load | H89: Send POST request | I89: Response ≤ 2 seconds | J89: As expected | K89: Pass | L89: Low | M89: Low | O89: SLA check
A90: API-ADD-DEPART-083 | B90: (TS-API-003) Department API Functionality | C90: Concurrent creation of same department | D90: POST | E90: /v1/departments | F90: name="HR" | G90: Multiple users | H90: Send simultaneous POST requests | I90: Only one succeeds, others return 409 | K90: Not tested | L90: Medium | M90: Medium | O90: Concurrency
A91: API-ADD-DEPART-084 | B91: (TS-API-003) Department API Functionality | C91: Database failure during creation | D91: POST | E91: /v1/departments | F91: name="HR" | G91: DB unavailable | H91: Send POST request | I91: 500 Internal Server Error | K91: Not tested | L91: High | M91: High | O91: Error handling

Sheet FileAPI
A1: <<<TestScenario | B1: <<<APITestScenario
A2: Test Case ID | B2: Test Scenario | C2: Test Case Title | D2: Method | E2: API Endpoints | F2: Test Data | G2: Pre-requisites | H2: Test Steps | I2: Expected Result | J2: Actual Result | K2: Execution Status | L2: Severity | M2: Priority | N2: Attachments | O2: Notes
B3: Adding Files
A4: API-UPLOAD-FILE-001 | B4: (TS-API-004) File API Functionality | C4: Upload valid PDF file | D4: POST | E4: /v1/files/upload | F4: file = valid.pdf (≤5MB) | G4: User authenticated | H4: 1. Send POST request with form-data key file 2. Select valid PDF file | I4: Status Code "201 Created", response contains ulid and filePath | J4: As expected | K4: Pass | L4: High | M4: High | O4: Positive test case
A5: API-UPLOAD-FILE-002 | B5: (TS-API-004) File API Functionality | C5: Upload valid JPG file | D5: POST | E5: /v1/files/upload | F5: file = image.jpg (≤5MB) | G5: User authenticated | H5: Upload JPG file using form-data | I5: File uploaded successfully with response fields | J5: As expected | K5: Pass | L5: High | M5: High
A6: API-UPLOAD-FILE-003 | B6: (TS-API-004) File API Functionality | C6: Upload valid PNG file | D6: POST | E6: /v1/files/upload | F6: file = image.png (≤5MB) | G6: User authenticated | H6: Upload PNG file using form-data | I6: File uploaded successfully | J6: As expected | K6: Pass | L6: High | M6: High
A7: API-UPLOAD-FILE-004 | B7: (TS-API-004) File API Functionality | C7: Upload file exceeding max size | D7: POST | E7: /v1/files/upload | F7: file > 5MB | G7: User authenticated | H7: Upload file larger than 5MB | I7: Status Code "413 Payload Too Large" with proper message | J7: Status Code "413 Payload too Large " with HTML page generated by nginx | K7: Not tested | L7: High | M7: High | O7: Boundary test
A8: API-UPLOAD-FILE-005 | B8: (TS-API-004) File API Functionality | C8: Upload unsupported file type | D8: POST | E8: /v1/files/upload | F8: file = test.exe | G8: User authenticated | H8: Upload unsupported file | I8: Status Code "422 Unprocessable Entity", invalid file type error | J8: As expected with "The file field must be a file of type: pdf, jpg, png." | K8: Pass | L8: High | M8: High | O8: Security test
A9: API-UPLOAD-FILE-006 | B9: (TS-API-004) File API Functionality | C9: Upload without file key | D9: POST | E9: /v1/files/upload | F9: No file key | G9: User authenticated | H9: Send request without form-data key file | I9: Status Code "422 Unprocessable Entity", file required error | J9: Status Code "200 OK" with PHP Warning and JSON | K9: Not tested | L9: Medium | M9: Medium | N9: API-UPLOAD-FILE-006-Screenshot | O9: Validation test
A10: API-UPLOAD-FILE-007 | B10: (TS-API-004) File API Functionality | C10: Upload empty file | D10: POST | E10: /v1/files/upload | F10: Empty file | G10: User authenticated | H10: Upload empty file | I10: Status Code "422 Unprocessable Entity", with proper message | J10: As expected | K10: Pass | L10: Medium | M10: Medium | O10: Edge case
A11: API-UPLOAD-FILE-008 | B11: (TS-API-004) File API Functionality | C11: Upload corrupted file | D11: POST | E11: /v1/files/upload | F11: Corrupted PDF | G11: User authenticated | H11: Upload corrupted file | I11: Upload rejected with error | K11: Not tested | L11: Medium | M11: Medium | O11: File integrity
A12: API-UPLOAD-FILE-009 | B12: (TS-API-004) File API Functionality | C12: Upload file without authentication | D12: POST | E12: /v1/files/upload | F12: Valid file | G12: User not authenticated | H12: Upload file | I12: Status code "401 Unauthorized" with Unauthenticated message | J12: As expected | K12: Pass | L12: High | M12: High | O12: Security
A13: API-UPLOAD-FILE-010 | B13: (TS-API-004) File API Functionality | C13: Verify response schema | D13: POST | E13: /v1/files/upload | F13: Valid file | G13: User authenticated | H13: Upload file | I13: Response contains valid ulid and filePath | J13: As expected | K13: Pass | L13: Low | M13: Low | O13: Schema validation
A14: API-UPLOAD-FILE-011 | B14: (TS-API-004) File API Functionality | C14: Verify ULID uniqueness | D14: POST | E14: /v1/files/upload | F14: Same file uploaded twice | G14: User authenticated | H14: Upload same file twice | I14: Unique ulid generated each time | J14: As expected | K14: Pass | L14: Medium | M14: Medium | O14: Data integrity
A15: API-UPLOAD-FILE-012 | B15: (TS-API-004) File API Functionality | C15: Verify filePath accessibility | D15: POST | E15: /v1/files/upload | F15: Valid file | G15: User authenticated | H15: Upload file → Open filePath URL | I15: File opens/downloads successfully | J15: As expected | K15: Pass | L15: Medium | M15: Medium | O15: Storage validation
A16: API-UPLOAD-FILE-013 | B16: (TS-API-004) File API Functionality | C16: Multiple concurrent uploads | D16: POST | E16: /v1/files/upload | F16: Multiple valid files | G16: User authenticated | H16: Upload files simultaneously | I16: All uploads succeed without error and response should contain ulid and url for each | J16: Only last uploaded file details returned | K16: Fail | L16: High | M16: Medium | N16: API-UPLOAD-FILE-013-Screenshot | O16: Performance
A17: API-UPLOAD-FILE-014 | B17: (TS-API-004) File API Functionality | C17: Rate limiting on uploads | D17: POST | E17: /v1/files/upload | F17: Multiple rapid requests | G17: User authenticated | H17: Upload files repeatedly | I17: 429 Too Many Requests | K17: Not tested | L17: Medium | M17: Medium | O17: Abuse prevention
A18: API-UPLOAD-FILE-015 | B18: (TS-API-004) File API Functionality | C18: SQL injection in filename | D18: POST | E18: /v1/files/upload | F18: file name = ' OR 1=1 --.png | G18: User authenticated | H18: Upload file with malicious filename | I18: Upload blocked or sanitized | J18: Sanitized | K18: Pass | L18: High | M18: High | O18: Security
A19: API-UPLOAD-FILE-016 | B19: (TS-API-004) File API Functionality | C19: XSS attempt via filename | D19: POST | E19: /v1/files/upload | F19: <script>.png | G19: User authenticated | H19: Upload file | I19: Filename sanitized, no script execution | J19: Sanitized | K19: Pass | L19: High | M19: High | O19: Security
A20: API-UPLOAD-FILE-017 | B20: (TS-API-004) File API Functionality | C20: Upload max boundary file (5MB) | D20: POST | E20: /v1/files/upload | F20: Exactly 5MB file | G20: User authenticated | H20: Upload 5MB file | I20: Upload successful | J20: As expected | K20: Pass | L20: Medium | M20: Medium | O20: Boundary value
A21: API-UPLOAD-FILE-018 | B21: (TS-API-004) File API Functionality | C21: Server error handling | D21: POST | E21: /v1/files/upload | F21: Valid file | G21: Storage service down | H21: Upload file | I21: 500 Internal Server Error with message | K21: Not tested | L21: High | M21: High | O21: Reliability
A22: API-UPLOAD-FILE-019 | B22: (TS-API-004) File API Functionality | C22: Unsupported HTTP method | D22: GET | E22: /v1/files/upload | F22: Valid file | G22: User authenticated | H22: Upload file | I22: Status code "405 Method Not Allowed" with propper error message | J22: Status Code "500 Internal Server Error" (This is the Client Side error as Client is using unsupported HTTP method so it should through client side error code like 404 Method Not Found ) | K22: Fail | L22: Medium | M22: Medium | O22: REST contract validation
A23: API-UPLOAD-FILE-020 | B23: (TS-API-004) File API Functionality | C23: Invalid Endpoint | D23: POST | E23: /v1/file/upload | F23: Valid file | G23: User authenticated | H23: Upload file | I23: Status code "404 Not Found" with proper error message | J23: As expected | K23: Pass | L23: Medium | M23: Medium | O23: Invalid endpoint validation
A24: API-UPLOAD-FILE-021 | B24: (TS-API-004) File API Functionality | C24: Verify Role Based Access For Uploading File | D24: POST | E24: /v1/files/upload | F24: Valid file | G24: User authenticated but doesnot have permission | H24: Upload file | I24: Status code "403 Forbidden" with proper message | J24: As expected (For User Role) | K24: Pass | L24: High | M24: High | O24: Role Based Access Validation
B25: Delete An Existing File
A26: API-DELETE-FILE-001 | B26: (TS-API-004) File API Functionality | C26: Delete file with valid ULID | D26: DELETE | E26: /v1/files/{file} | F26: file = valid ULID | G26: File exists, user authenticated | H26: 1. Send DELETE request with valid ULID | I26: Status Code "204 No Content" and file deleted | J26: As expected | K26: Pass | L26: High | M26: High | O26: Positive test case
A27: API-DELETE-FILE-002 | B27: (TS-API-004) File API Functionality | C27: Delete non-existing file | D27: DELETE | E27: /v1/files/{file} | F27: file = non-existing ULID | G27: User authenticated | H27: Send DELETE request | I27: Status Code "404 Not Found", wiht proper message | J27: As expected with "Did Not Match Any Record " | K27: Pass | L27: Medium | M27: Medium | O27: Negative test
A28: API-DELETE-FILE-003 | B28: (TS-API-004) File API Functionality | C28: Delete file with invalid ULID format | D28: DELETE | E28: /v1/files/{file} | F28: file = invalid format | G28: User authenticated | H28: Send DELETE request | I28: Status Code "404 Not Found", with proper message | J28: As expected with "Did Not Match Any Record " | K28: Pass | L28: Medium | M28: Medium | O28: Validation
A29: API-DELETE-FILE-004 | B29: (TS-API-004) File API Functionality | C29: Delete file without authentication | D29: DELETE | E29: /v1/files/{file} | F29: file = valid ULID | G29: User not authenticated | H29: Send DELETE request | I29: Status Code "401 Unauthorized" with Unauthenticated message | J29: As expected | K29: Pass | L29: High | M29: High | O29: Security
A30: API-DELETE-FILE-005 | B30: (TS-API-004) File API Functionality | C30: Delete file without permission | D30: DELETE | E30: /v1/files/{file} | F30: file = valid ULID | G30: User lacks delete permission | H30: Send DELETE request | I30: Status Code "403 Forbidden" with proper message | J30: As expected | K30: Pass | L30: High | M30: High | O30: Authorization
A31: API-DELETE-FILE-006 | B31: (TS-API-004) File API Functionality | C31: Delete file already deleted | D31: DELETE | E31: /v1/files/{file} | F31: file = deleted ULID | G31: File previously deleted | H31: Send DELETE request again | I31: Status Code "404 Not Found" | J31: As expected with "Did Not Match Any Record " | K31: Pass | L31: Low | M31: Low | O31: Idempotency
A32: API-DELETE-FILE-007 | B32: (TS-API-004) File API Functionality | C32: SQL injection attempt in ULID | D32: DELETE | E32: /v1/files/{file} | F32: OR 1=1 -- | G32: User authenticated | H32: Send DELETE request | I32: Request rejected, no deletion | J32: As expected with "Did Not Match Any Record " | K32: Pass | L32: High | M32: High | O32: Security
A33: API-DELETE-FILE-008 | B33: (TS-API-004) File API Functionality | C33: XSS attempt in ULID | D33: DELETE | E33: /v1/files/{file} | F33: <script> | G33: User authenticated | H33: Send DELETE request | I33: Request rejected | J33: As expected with "Did Not Match Any Record " | K33: Pass | L33: High | M33: High | O33: Security
A34: API-DELETE-FILE-009 | B34: (TS-API-004) File API Functionality | C34: Concurrent delete requests | D34: DELETE | E34: /v1/files/{file} | F34: Same valid ULID | G34: File exists | H34: Send DELETE requests simultaneously | I34: One success (204), others fail gracefully | K34: Not tested | L34: Medium | M34: Medium | O34: Concurrency
A35: API-DELETE-FILE-010 | B35: (TS-API-004) File API Functionality | C35: Verify file is removed from storage | D35: DELETE | E35: /v1/files/{file} | F35: valid ULID | G35: File exists | H35: Delete file → try accessing file URL | I35: File not accessible | J35: As expected | K35: Pass | L35: High | M35: Medium | O35: Storage validation
A36: API-DELETE-FILE-011 | B36: (TS-API-004) File API Functionality | C36: Verify DB record removal | D36: DELETE | E36: /v1/files/{file} | F36: valid ULID | G36: File exists | H36: Delete file → query DB | I36: File record removed | K36: Not tested | L36: Medium | M36: Medium | O36: Data integrity
A37: API-DELETE-FILE-012 | B37: (TS-API-004) File API Functionality | C37: Performance – delete response time | D37: DELETE | E37: /v1/files/{file} | F37: valid ULID | G37: File exists | H37: Send DELETE request | I37: Response time within SLA | J37: As expected | K37: Pass | L37: Low | M37: Low | O37: Performance
A38: API-DELETE-FILE-013 | B38: (TS-API-004) File API Functionality | C38: Rate limiting on delete requests | D38: DELETE | E38: /v1/files/{file} | F38: Multiple rapid deletes | G38: Rate limit enabled | H38: Send multiple DELETE requests | I38: 429 Too Many Requests | K38: Not tested | L38: Medium | M38: Medium | O38: Abuse prevention
A39: API-DELETE-FILE-014 | B39: (TS-API-004) File API Functionality | C39: Server error handling | D39: DELETE | E39: /v1/files/{file} | F39: valid ULID | G39: Storage service down | H39: Send DELETE request | I39: 500 Internal Server Error | K39: Not tested | L39: High | M39: High | O39: Reliability
A40: API-DELETE-FILE-015 | B40: (TS-API-004) File API Functionality | C40: Unsupported HTTP method | D40: GET | E40: /v1/files/{file} | F40: valid ULID | G40: File exists | H40: Send DELETE request | I40: Status code "405 Method Not Allowed" with propper error message | J40: Status Code "500 Internal Server Error" (This is the Client Side error as Client is using unsupported HTTP method so it should through client side error code like 404 Method Not Found ) | K40: Fail | L40: Medium | M40: Medium | O40: REST contract validation
A41: API-DELETE-FILE-016 | B41: (TS-API-004) File API Functionality | C41: Invalid Endpoint | D41: DELETE | E41: /v1/file/{file} | F41: valid ULID | G41: File exists | H41: Send DELETE request | I41: Status code "404 Not Found" with proper error message | J41: As expected | K41: Pass | L41: Medium | M41: Medium | O41: Invalid endpoint validation

Sheet Offboading
A2: Test Case ID | B2: Test Case Title | C2: Test Data | D2: Preconditions | E2: Test Steps | F2: Expected Results | G2: Actual Results | H2: Execution Status | I2: Bug Severity | J2: Bug Priority | K2: Attachments | L2: Notes
A3: OB-TC-001 | B3: Start Offboarding | C3: Employee: John Smith (EMP-10245), Dept: Finance, Resignation Date: 2026-04-08 | D3: Employee active, HR Admin logged in, resignation submitted | E3: Go to HR > Offboarding > Initiate, Search Employee, Select Voluntary, Enter Last Day, Attach resignation, Click Submit | F3: Offboarding starts, status = Notice Period, notifications sent, checklist created | G3: Offboarding started, status = Notice Period, notifications sent, checklist created | H3: Pass | I3: N/A | J3: N/A | K3: - | L3: Check email notification for Last Working Day
A4: OB-TC-002 | B4: Try Offboarding Without Mandatory Fields | C4: Employee: EMP-10999, Missing Last Day | D4: HR Admin logged in, Employee active | E4: Enter Employee ID, leave Last Day blank, Submit | F4: Form blocked, shows error: 'Last Day required', no record created, no notifications | G4: Form blocked, error shown correctly | H4: Pass | I4: N/A | J4: N/A | K4: - | L4: Check all mandatory fields
A5: OB-TC-003 | B5: Try Duplicate Offboarding for Same Employee | C5: Employee: EMP-10245 | D5: Offboarding already started, Status = Notice Period | E5: Enter Employee ID, try to start again | F5: Error: 'Offboarding already exists', no duplicate record | G5: Duplicate record created by mistake | H5: Fail | I5: N/A | J5: N/A | K5: - | L5: Important to prevent duplicates
A6: OB-TC-004 | B6: Manager Approves Resignation | C6: Employee: EMP-10245, Manager: MGR-3001 | D6: Offboarding started, approval task in inbox | E6: Manager logs in, opens task, approves, adds comment | F6: Approval done, next step starts, notifications sent | G6: Approval done, notifications sent | H6: Pass | I6: N/A | J6: N/A | K6: - | L6: Test multi-level approval too
A7: OB-TC-005 | B7: Schedule Exit Interview | C7: Employee: EMP-10245, Interviewer: HR-007, Date: 2026-04-18, Mode: In-Person | D7: Offboarding active, HR Admin logged in | E7: Go to Exit Interview > Schedule, assign interviewer and date, Save | F7: Interview scheduled, invites sent, status = Scheduled | G7: Interview scheduled, but form link missing | H7: Fail | I7: High | J7: High | K7: - | L7: Test also phone/virtual interviews
A8: OB-TC-006 | B8: Generate Asset Return List | C8: Employee: EMP-10245, Assets: Laptop, Access Card, Mobile | D8: Employee has assets, Offboarding active | E8: Go to Asset Return, verify checklist, send to IT | F8: Checklist shows all assets, notification sent | G8: Checklist correct, notifications sent | H8: Pass | I8: N/A | J8: N/A | K8: - | L8: Check integration with Asset module
A9: OB-TC-007 | B9: Block Offboarding if Asset Not Returned | C9: Employee: EMP-10245, Pending Asset: Access Card | D9: Offboarding active, Asset not returned | E9: HR tries to mark complete | F9: System blocks completion, alert shows pending asset | G9: Offboardig complete; no alert shown | H9: Fail | I9: High | J9: High | K9: - | L9: Waiver needs manager approval

Sheet UserAPI
A1: <<<TestScenario | B1: <<<APITestScenario
A2: Test Case ID | B2: Test Scenario | C2: Test Case Title | D2: Method | E2: API Endpoints | F2: Test Data | G2: Pre-requisites | H2: Test Steps | I2: Expected Result | J2: Actual Result | K2: Execution Status | L2: Severity | M2: Priority | N2: Attachments | O2: Notes
B3: Fetch Details Of Logged In User
A4: API-GET-LOG-USER-001 | B4: (TS-API-005) User API Functionality | C4: Fetch details of logged-in user | D4: GET | E4: /v1/me | F4: None | G4: User authenticated | H4: 1. Login with valid credentials2. Send GET request | I4: Status Code "200 OK" returned with user details (ulid, fullName, email, role, department, etc.) | J4: As expected For Admin (role and isGeneratedPassword) | K4: Pass | L4: High | M4: High | O4: Functional validation
A5: API-GET-LOG-USER-002 | B5: (TS-API-005) User API Functionality | C5: Unauthenticated user | D5: GET | E5: /v1/me | F5: None | G5: No login token | H5: Send GET request without authentication | I5: Status Code "401 Unauthorized" with Unauthenticated message | J5: As expected | K5: Pass | L5: High | M5: High | O5: Verify authentication enforcement
A6: API-GET-LOG-USER-003 | B6: (TS-API-005) User API Functionality | C6: User with expired token | D6: GET | E6: /v1/me | F6: None | G6: Token expired | H6: Send GET request with expired token | I6: 401 Unauthorized with proper error message | J6: As expected | K6: Not tested | L6: High | M6: High | O6: Validate token expiration handling
A7: API-GET-LOG-USER-004 | B7: (TS-API-005) User API Functionality | C7: Invalid HTTP method | D7: POST | E7: /v1/me | F7: None | G7: User authenticated | H7: Send POST request | I7: Status Code "405 Method Not Allowed" | J7: Status Code "500 Internal Server Error" (This is the Client Side error as Client is using unsupported HTTP method so it should through client side error code like 404 Method Not Found ) | K7: Fail | L7: Medium | M7: Medium | O7: API should reject unsupported methods
A8: API-GET-LOG-USER-005 | B8: (TS-API-005) User API Functionality | C8: Sensitive fields not exposed | D8: GET | E8: /v1/me | F8: None | G8: User authenticated | H8: Send GET request | I8: Response excludes passwords, tokens, or other confidential data | J8: As expected | K8: Pass | L8: Critical | M8: High | O8: Security/privacy validation
A9: API-GET-LOG-USER-006 | B9: (TS-API-005) User API Functionality | C9: Response field validation | D9: GET | E9: /v1/me | F9: None | G9: User authenticated | H9: Send GET request | I9: All mandatory fields returned: ulid, fullName, email, role, department, status, joiningDate, etc. | K9: Not tested | L9: Medium | M9: High | O9: Field validation
A10: API-GET-LOG-USER-007 | B10: (TS-API-005) User API Functionality | C10: Check department object presence | D10: GET | E10: /v1/me | F10: None | G10: User authenticated | H10: Send GET request | I10: department object contains ulid and name | K10: Not tested | L10: Medium | M10: Medium | O10: Nested object validation
A11: API-GET-LOG-USER-008 | B11: (TS-API-005) User API Functionality | C11: Check reportingManager field | D11: GET | E11: /v1/me | F11: None | G11: User authenticated | H11: Send GET request | I11: reportingManager field exists and is correct | K11: Not tested | L11: Medium | M11: Medium | O11: Field validation
A12: API-GET-LOG-USER-009 | B12: (TS-API-005) User API Functionality | C12: Response time under normal load | D12: GET | E12: /v1/me | F12: None | G12: User authenticated | H12: Send GET request | I12: Response returned < 2 seconds | K12: Not tested | L12: Medium | M12: Medium | O12: Performance validation
A13: API-GET-LOG-USER-010 | B13: (TS-API-005) User API Functionality | C13: Multiple simultaneous requests | D13: GET | E13: /v1/me | F13: None | G13: User authenticated | H13: Send 50 concurrent GET requests | I13: All responses 200 OK and consistent | K13: Not tested | L13: Medium | M13: Medium | O13: Concurrency/stress test
A14: API-GET-LOG-USER-011 | B14: (TS-API-005) User API Functionality | C14: Invalid token | D14: GET | E14: /v1/me | F14: None | G14: User authenticated | H14: Send GET request with invalid token | I14: Status Code "401 Unauthorized" with Unauthenticated message | K14: Not tested | L14: High | M14: High | O14: Token validation
A15: API-GET-LOG-USER-012 | B15: (TS-API-005) User API Functionality | C15: User status validation | D15: GET | E15: /v1/me | F15: None | G15: User authenticated | H15: Send GET request | I15: Response shows correct status field (Active/Inactive) | K15: Not tested | L15: High | M15: Medium | O15: Business rule check
A16: API-GET-LOG-USER-015 | B16: (TS-API-005) User API Functionality | C16: Token missing "Bearer" prefix | D16: GET | E16: /v1/me | F16: Authorization: token | G16: User authenticated | H16: Send GET request without “Bearer” prefix | I16: 401 Unauthorized | K16: Not tested | L16: Medium | M16: High | O16: Authentication validation
A17: API-GET-LOG-USER-016 | B17: (TS-API-005) User API Functionality | C17: Response data type validation | D17: GET | E17: /v1/me | F17: None | G17: User authenticated | H17: Send GET request | I17: All fields match expected data types: string, date, object | K17: Not tested | L17: Medium | M17: Medium | O17: Schema validation
A18: API-GET-LOG-USER-017 | B18: (TS-API-005) User API Functionality | C18: Verify email format | D18: GET | E18: /v1/me | F18: None | G18: User authenticated | H18: Send GET request | I18: Email field follows valid email format | K18: Not tested | L18: Medium | M18: Medium | O18: Field validation
A19: API-GET-LOG-USER-018 | B19: (TS-API-005) User API Functionality | C19: User not found | D19: GET | E19: /v1/me | F19: None | G19: Deleted user token | H19: Send GET request with token of deleted user | I19: 404 Not Found | K19: Not tested | L19: High | M19: High | O19: User existence validation
A20: API-GET-LOG-USER-019 | B20: (TS-API-005) User API Functionality | C20: Check joiningDate format | D20: GET | E20: /v1/me | F20: None | G20: User authenticated | H20: Send GET request | I20: joiningDate follows YYYY-MM-DD format | K20: Not tested | L20: Medium | M20: Medium | O20: Date format validation
... A26: API-GET-LOG-USER-025 | B26: (TS-API-005) User API Functionality | C26: All optional fields returned when present | D26: GET | E26: /v1/me | F26: None | G26: User authenticated | H26: Send GET request | I26: Optional fields (phone, jobTitle, department, etc.) present if available | K26: Not tested | L26: Medium | M26: Medium | O26: Optional field validation
B27: Change Password
A28: API-CHNG-PW-001 | B28: (TS-API-005) User API Functionality | C28: Change password with valid old password | D28: PATCH | E28: /v1/user/password/change | F28: Valid old & new password | G28: User logged in | H28: Send PATCH request | I28: Status Code "204 No Content", password updated | J28: Password updated successfully | K28: Pass | L28: Critical | M28: High | O28: Positive case
A29: API-CHNG-PW-002 | B29: (TS-API-005) User API Functionality | C29: Verify login with new password | D29: POST | E29: /v1/auth/login | F29: New password | G29: Password updated | H29: Attempt login with new password | I29: Login successful | J29: Login Successful | K29: Pass | L29: Critical | M29: High | O29: Validation
A30: API-CHNG-PW-003 | B30: (TS-API-005) User API Functionality | C30: Verify old password no longer works | D30: POST | E30: /v1/auth/login | F30: Old password | G30: Password updated | H30: Attempt login with old password | I30: Login fails | J30: Login fails with old password | K30: Pass | L30: Critical | M30: High | O30: Security validation
A31: API-CHNG-PW-004 | B31: (TS-API-005) User API Functionality | C31: Incorrect old password | D31: PATCH | E31: /v1/user/password/change | F31: Wrong oldPassword | G31: User logged in | H31: Send request | I31: Status Code "422" with proper message / 401 Unauthorized | J31: 422 Unprocessable entity | K31: Pass | L31: High | M31: High | O31: Authentication validation
A32: API-CHNG-PW-005 | B32: (TS-API-005) User API Functionality | C32: New and confirm password mismatch | D32: PATCH | E32: /v1/user/password/change | F32: confirmPassword ≠ newPassword | G32: User logged in | H32: Send request | I32: Validation error must displayed | J32: As expected | K32: Pass | L32: High | M32: High | O32: Field validation
A33: API-CHNG-PW-006 | B33: (TS-API-005) User API Functionality | C33: Missing oldPassword field | D33: PATCH | E33: /v1/user/password/change | F33: Missing field | H33: Send request | I33: Validation for mandatory filed is displayed | J33: As expected | K33: Pass | L33: High | M33: High | O33: Mandatory field
A34: API-CHNG-PW-007 | B34: (TS-API-005) User API Functionality | C34: Missing newPassword field | D34: PATCH | E34: /v1/user/password/change | F34: Missing field | H34: Send request | I34: Validation for mandatory filed is displayed | J34: As expected | K34: Pass | L34: High | M34: High | O34: Mandatory field
A35: API-CHNG-PW-008 | B35: (TS-API-005) User API Functionality | C35: New password minimum length | D35: PATCH | E35: /v1/user/password/change | F35: Min length password | G35: User logged in | H35: Send request | I35: Status Code "204 No Content" if meets policy | J35: Password updated successfully | K35: Pass | L35: Medium | M35: Medium | O35: Boundary case
A36: API-CHNG-PW-009 | B36: (TS-API-005) User API Functionality | C36: New password below minimum length | D36: PATCH | E36: /v1/user/password/change | F36: Short password | G36: User logged in | H36: Send request | I36: Status Code "422 Unprocessable Entity" with proper message | J36: Error message displayed | K36: Pass | L36: High | M36: High | O36: Password policy
A37: API-CHNG-PW-010 | B37: (TS-API-005) User API Functionality | C37: New password same as old password | D37: PATCH | E37: /v1/user/password/change | F37: Same old & new | G37: User logged in | H37: Send request | I37: Status Code "422 Unprocessable Entity" with proper message | J37: As expected | K37: Pass | L37: Medium | M37: Medium | O37: Security rule
A38: API-CHNG-PW-011 | B38: (TS-API-005) User API Functionality | C38: Without authentication | D38: PATCH | E38: /v1/user/password/change | F38: Valid payload | G38: Not logged in | H38: Send request | I38: Status Code "401 Unauthorized" with Unauthenticated message | J38: Unauthorized message displayed | K38: Pass | L38: Critical | M38: High | O38: Authentication
A39: API-CHNG-PW-012 | B39: (TS-API-005) User API Functionality | C39: Response time validation | D39: PATCH | E39: /v1/user/password/change | F39: Valid payload | G39: Normal load | H39: Send request | I39: Response ≤ 2 seconds | J39: As expected | K39: Pass | L39: Low | M39: Low | O39: SLA check
A40: API-CHNG-PW-013 | B40: (TS-API-005) User API Functionality | C40: Database failure during update | D40: PATCH | E40: /v1/user/password/change | F40: Valid payload | G40: DB unavailable | H40: Send request | I40: Status Code "500 Internal Server Error" | J40: As expected | K40: Pass | L40: High | M40: High | O40: Error handling
A41: API-CHNG-PW-014 | B41: (TS-API-005) User API Functionality | C41: Password hashing validation | D41: PATCH | F41: Valid payload | G41: Password updated | H41: Check database | I41: Password stored hashed (not plain text) | K41: Not tested | L41: Critical | M41: High | O41: Data protection
A42: API-CHNG-PW-015 | B42: (TS-API-005) User API Functionality | C42: Ensure password not returned in response | D42: PATCH | E42: /v1/user/password/change | F42: Valid payload | H42: Send request | I42: No password data in response | J42: No password data is displayed in response body | K42: Pass | L42: Critical | M42: High | O42: Sensitive data protection

Sheet UserProfileAPI
A1: <<<TestScenario | B1: <<<APITestScenario
A2: Test Case ID | B2: Test Scenario | C2: Test Case Title | D2: Method | E2: API Endpoints | F2: Test Data | G2: Pre-requisites | H2: Test Steps | I2: Expected Result | J2: Actual Result | K2: Execution Status | L2: Severity | M2: Priority | N2: Attachments | O2: Notes
A3: Show An Exisitng User Profile
A4: API-USER-PROFILE-001 | B4: (TS-API-006) User Profile API Functionality | C4: Fetch user profile with valid user ULID | D4: GET | E4: /v1/users/{user}/profile | F4: user=valid ULID | G4: User logged in with valid token | H4: Send GET request with valid ULID | I4: 200 OK with user profile data | J4: User with profile data is displayed | K4: Pass | L4: N/A | M4: N/A | O4: Positive case
A5: API-USER-PROFILE-002 | B5: (TS-API-006) User Profile API Functionality | C5: Fetch own user profile | D5: GET | E5: /v1/users/{user}/profile | F5: user=self ULID | G5: Valid token | H5: Send request | I5: 200 OK with own profile | J5: As expected | K5: Pass | L5: N/A | M5: N/A | O5: Self profile
A6: API-USER-PROFILE-003 | B6: (TS-API-006) User Profile API Functionality | C6: Fetch another user profile with permission | D6: GET | E6: /v1/users/{user}/profile | F6: user=other ULID | G6: Valid token, proper role | H6: Send request | I6: 200 OK with profile data | J6: As expected | K6: Pass | L6: N/A | M6: N/A | O6: RBAC
A7: API-USER-PROFILE-004 | B7: (TS-API-006) User Profile API Functionality | C7: Verify response body structure | D7: GET | E7: /v1/users/{user}/profile | F7: valid ULID | G7: Valid token | H7: Send request | I7: All expected fields present | J7: All required firlds are present as expected | K7: Pass | L7: N/A | M7: N/A | O7: Schema validation
A8: API-USER-PROFILE-005 | B8: (TS-API-006) User Profile API Functionality | C8: Verify department object structure | D8: GET | E8: /v1/users/{user}/profile | F8: valid ULID | G8: Valid token | H8: Send request | I8: department contains ulid and name | J8: As expected | K8: Pass | L8: N/A | M8: N/A | O8: Nested object
A9: API-USER-PROFILE-006 | B9: (TS-API-006) User Profile API Functionality | C9: Verify dateOfBirth format | D9: GET | E9: /v1/users/{user}/profile | F9: valid ULID | G9: Valid token | H9: Send request | I9: dateOfBirth in YYYY-MM-DD | J9: As expected | K9: Pass | L9: N/A | M9: N/A | O9: Data format
A10: API-USER-PROFILE-007 | B10: (TS-API-006) User Profile API Functionality | C10: Verify joiningDate format | D10: GET | E10: /v1/users/{user}/profile | F10: valid ULID | G10: Valid token | H10: Send request | I10: joiningDate in YYYY-MM-DD | J10: As expected | K10: Pass | L10: N/A | M10: N/A | O10: Data format
A11: API-USER-PROFILE-008 | B11: (TS-API-006) User Profile API Functionality | C11: Verify email format | D11: GET | E11: /v1/users/{user}/profile | F11: valid ULID | G11: Valid token | H11: Send request | I11: email is valid email format | J11: Email format is valid | K11: Pass | L11: N/A | M11: N/A | O11: Data validation
A12: API-USER-PROFILE-009 | B12: (TS-API-006) User Profile API Functionality | C12: Verify phone number format | D12: GET | E12: /v1/users/{user}/profile | F12: valid ULID | G12: Valid token | H12: Send request | I12: phone contains only digits | J12: As expected | K12: Pass | L12: N/A | M12: N/A | O12: Data quality
A13: API-USER-PROFILE-010 | B13: (TS-API-006) User Profile API Functionality | C13: Fetch user profile without authentication | D13: GET | E13: /v1/users/{user}/profile | F13: valid ULID | G13: User not logged in | H13: Send request without token | I13: 401 Unauthorized | J13: Unauthorized message displayed | K13: Pass | L13: N/A | M13: N/A | O13: Security
A14: API-USER-PROFILE-011 | B14: (TS-API-006) User Profile API Functionality | C14: Fetch user profile with invalid token | D14: GET | E14: /v1/users/{user}/profile | F14: valid ULID | G14: Invalid token | H14: Send request | I14: 401 Unauthorized | J14: As expected | K14: Pass | L14: N/A | M14: N/A | O14: Auth
A15: API-USER-PROFILE-012 | B15: (TS-API-006) User Profile API Functionality | C15: Fetch user profile with forbidden role | D15: GET | E15: /v1/users/{user}/profile | F15: valid ULID | G15: User lacks permission | H15: Send request | I15: 403 Forbidden | K15: Not tested | L15: N/A | M15: N/A | O15: RBAC
A16: API-USER-PROFILE-013 | B16: (TS-API-006) User Profile API Functionality | C16: Fetch user profile with non-existing ULID | D16: GET | E16: /v1/users/{user}/profile | F16: random ULID | G16: Valid token | H16: Send request | I16: 404 Not Found | J16: As expected | K16: Pass | L16: N/A | M16: N/A | O16: Data integrity
A17: API-USER-PROFILE-014 | B17: (TS-API-006) User Profile API Functionality | C17: Fetch user profile with invalid ULID format | D17: GET | E17: /v1/users/{user}/profile | F17: user=12345 | G17: Valid token | H17: Send request | I17: 404 or validation error | J17: 404 Not Found | K17: Pass | L17: N/A | M17: N/A | O17: Path validation
A18: API-USER-PROFILE-015 | B18: (TS-API-006) User Profile API Functionality | C18: Missing user parameter in URL | D18: GET | E18: /v1/users//profile | F18: — | G18: Valid token | H18: Send request | I18: 404 Not Found | J18: As expected | K18: Pass | L18: N/A | M18: N/A | O18: Routing
A19: API-USER-PROFILE-016 | B19: (TS-API-006) User Profile API Functionality | C19: Fetch profile using unsupported HTTP method | D19: POST | E19: /v1/users/{user}/profile | F19: valid ULID | G19: Valid token | H19: Send POST request | I19: 404 Not Found | J19: As expected | K19: Pass | L19: N/A | M19: N/A | O19: Method check
A20: API-USER-PROFILE-017 | B20: (TS-API-006) User Profile API Functionality | C20: Verify status field value | D20: GET | E20: /v1/users/{user}/profile | F20: valid ULID | G20: Valid token | H20: Send request | I20: status contains valid value (Active) | J20: As expected | K20: Pass | L20: N/A | M20: N/A | O20: Business rule
A21: API-USER-PROFILE-018 | B21: (TS-API-006) User Profile API Functionality | C21: Verify type field value | D21: GET | E21: /v1/users/{user}/profile | F21: valid ULID | G21: Valid token | H21: Send request | I21: type contains valid value (Fulltime) | J21: As expected | K21: Pass | L21: N/A | M21: N/A | O21: Business rule
A22: API-USER-PROFILE-019 | B22: (TS-API-006) User Profile API Functionality | C22: Verify emergency contact fields | D22: GET | E22: /v1/users/{user}/profile | F22: valid ULID | G22: Valid token | H22: Send request | I22: emergencyName & emergencyContact present | J22: As expected | K22: Pass | L22: N/A | M22: N/A | O22: Mandatory data
A23: API-USER-PROFILE-020 | B23: (TS-API-006) User Profile API Functionality | C23: Verify response time | D23: GET | E23: /v1/users/{user}/profile | F23: valid ULID | G23: Valid token | H23: Send request | I23: Response within acceptable SLA | J23: As expected | K23: Pass | L23: N/A | M23: N/A | O23: Performance
A24: API-USER-PROFILE-021 | B24: (TS-API-006) User Profile API Functionality | C24: Verify data privacy fields | D24: GET | E24: /v1/users/{user}/profile | F24: other ULID | G24: Valid token | H24: Send request | I24: Sensitive data visible only if permitted | K24: Not tested | L24: N/A | M24: N/A | O24: Privacy
A25: API-USER-PROFILE-022 | B25: (TS-API-006) User Profile API Functionality | C25: Verify consistent ULID in response | D25: GET | E25: /v1/users/{user}/profile | F25: valid ULID | G25: Valid token | H25: Send request | I25: Response ulid matches requested ulid | J25: As expected | K25: Pass | L25: N/A | M25: N/A | O25: Data consistency
A26: Update an user profile
A27: API-UPDATE-PROFILE-023 | B27: (TS-API-006) User Profile API Functionality | C27: Update user profile with all valid fields | D27: PATCH | E27: /v1/users/{user}/profile | F27: All valid fields | G27: User logged in with valid token | H27: Send PATCH request with valid body | I27: 200 OK with updated profile | J27: Profile detail updated successfully | K27: Pass | L27: N/A | M27: N/A | O27: Positive case
A28: API-UPDATE-PROFILE-024 | B28: (TS-API-006) User Profile API Functionality | C28: Update only partial fields | D28: PATCH | E28: /v1/users/{user}/profile | F28: phone, address | G28: Valid token | H28: Send request with partial body | I28: 200 OK, unchanged fields preserved | J28: Only phone and address updated other remains preserved | K28: Pass | L28: N/A | M28: N/A | O28: Partial update
A29: API-UPDATE-PROFILE-025 | B29: (TS-API-006) User Profile API Functionality | C29: Update own profile | D29: PATCH | E29: /v1/users/{user}/profile | F29: valid body | G29: Valid token, self ULID | H29: Send request | I29: 200 OK | J29: As expected | K29: Pass | L29: N/A | M29: N/A | O29: Self update
A30: API-UPDATE-PROFILE-026 | B30: (TS-API-006) User Profile API Functionality | C30: Update another user profile with permission | D30: PATCH | E30: /v1/users/{user}/profile | F30: valid body | G30: Admin/authorized role | H30: Send request | I30: 200 OK | J30: Admin can update another user profile | K30: Pass | L30: N/A | M30: N/A | O30: RBAC
A31: API-UPDATE-PROFILE-027 | B31: (TS-API-006) User Profile API Functionality | C31: Verify updated values reflected in response | D31: PATCH | E31: /v1/users/{user}/profile | F31: modified phone | G31: Valid token | H31: Send request | I31: Response shows updated phone | J31: As expected | K31: Pass | L31: N/A | M31: N/A | O31: Data consistency
A32: API-UPDATE-PROFILE-028 | B32: (TS-API-006) User Profile API Functionality | C32: Verify department object after update | D32: PATCH | E32: /v1/users/{user}/profile | F32: department ulid | G32: Valid token | H32: Send request | I32: department object updated correctly | J32: As expected | K32: Pass | L32: N/A | M32: N/A | O32: Nested object
A33: API-UPDATE-PROFILE-029 | B33: (TS-API-006) User Profile API Functionality | C33: Update profile without authentication | D33: PATCH | E33: /v1/users/{user}/profile | F33: valid body | G33: User not logged in | H33: Send request without token | I33: 401 Unauthorized | J33: Uauthorized message displayed | K33: Pass | L33: N/A | M33: N/A | O33: Security
A34: API-UPDATE-PROFILE-030 | B34: (TS-API-006) User Profile API Functionality | C34: Update profile with invalid token | D34: PATCH | E34: /v1/users/{user}/profile | F34: valid body | G34: Invalid token | H34: Send request | I34: 401 Unauthorized | J34: Unauthorized message dispalyed | K34: Pass | L34: N/A | M34: N/A | O34: Auth
A35: API-UPDATE-PROFILE-031 | B35: (TS-API-006) User Profile API Functionality | C35: Update profile with forbidden role | D35: PATCH | E35: /v1/users/{user}/profile | F35: valid body | G35: Unauthorized role | H35: Send request | I35: 403 Forbidden | K35: Not tested | L35: N/A | M35: N/A | O35: RBAC
A36: API-UPDATE-PROFILE-032 | B36: (TS-API-006) User Profile API Functionality | C36: Update profile for non-existing user | D36: PATCH | E36: /v1/users/{user}/profile | F36: valid body | G36: Valid token | H36: Send request | I36: 404 Not Found | J36: 404 Not Found as expected | K36: Pass | L36: N/A | M36: N/A | O36: Data integrity
A37: API-UPDATE-PROFILE-033 | B37: (TS-API-006) User Profile API Functionality | C37: Update profile with invalid ULID format | D37: PATCH | E37: /v1/users/{user}/profile | F37: user=123 | G37: Valid token | H37: Send request | I37: 404 or 422 error | J37: 404 Not Found | K37: Pass | L37: N/A | M37: N/A | O37: Path validation
A38: API-UPDATE-PROFILE-034 | B38: (TS-API-006) User Profile API Functionality | C38: Missing user parameter in URL | D38: PATCH | E38: /v1/users//profile | F38: valid body | G38: Valid token | H38: Send request | I38: 404 Not Found | J38: As expected | K38: Pass | L38: N/A | M38: N/A | O38: Routing
A39: API-UPDATE-PROFILE-035 | B39: (TS-API-006) User Profile API Functionality | C39: Missing required fields | D39: PATCH | E39: /v1/users/{user}/profile | F39: empty body | G39: Valid token | H39: Send request | I39: 422 Validation error | J39: Validation error for mandatory field displayed | K39: Pass | L39: N/A | M39: N/A | O39: Required fields
A40: API-UPDATE-PROFILE-036 | B40: (TS-API-006) User Profile API Functionality | C40: Invalid email format | D40: PATCH | E40: /v1/users/{user}/profile | F40: email=invalid | G40: Valid token | H40: Send request | I40: 422 Validation error | J40: As expected | K40: Pass | L40: N/A | M40: N/A | O40: Validation
A41: API-UPDATE-PROFILE-037 | B41: (TS-API-006) User Profile API Functionality | C41: Invalid phone number format | D41: PATCH | E41: /v1/users/{user}/profile | F41: phone=abcd | G41: Valid token | H41: Send request | I41: 422 Validation error | J41: As expected | K41: Pass | L41: N/A | M41: N/A | O41: Validation
A42: API-UPDATE-PROFILE-038 | B42: (TS-API-006) User Profile API Functionality | C42: Invalid dateOfBirth format | D42: PATCH | E42: /v1/users/{user}/profile | F42: dateOfBirth=15-05-1990 | G42: Valid token | H42: Send request | I42: 422 Validation error | J42: As expected | K42: Pass | L42: N/A | M42: N/A | O42: Date format
A43: API-UPDATE-PROFILE-039 | B43: (TS-API-006) User Profile API Functionality | C43: Future dateOfBirth | D43: PATCH | E43: /v1/users/{user}/profile | F43: future DOB | G43: Valid token | H43: Send request | I43: 422 Validation error | J43: Future date is allowed for DOB | K43: Fail | L43: N/A | M43: N/A | O43: Business rule
A44: API-UPDATE-PROFILE-040 | B44: (TS-API-006) User Profile API Functionality | C44: Invalid gender value | D44: PATCH | E44: /v1/users/{user}/profile | F44: gender=unknown | G44: Valid token | H44: Send request | I44: 422 Validation error | J44: As expected | K44: Not tested | L44: N/A | M44: N/A | O44: Enum
A45: API-UPDATE-PROFILE-041 | B45: (TS-API-006) User Profile API Functionality | C45: Invalid status value | D45: PATCH | E45: /v1/users/{user}/profile | F45: status=Inactivee | G45: Valid token | H45: Send request | I45: 422 Validation error | J45: As expected | K45: Not tested | L45: N/A | M45: N/A | O45: Enum
A46: API-UPDATE-PROFILE-042 | B46: (TS-API-006) User Profile API Functionality | C46: Invalid type value | D46: PATCH | E46: /v1/users/{user}/profile | F46: type=Contractor | G46: Valid token | H46: Send request | I46: 422 Validation error | J46: As expected | K46: Not tested | L46: N/A | M46: N/A | O46: Enum
A47: API-UPDATE-PROFILE-043 | B47: (TS-API-006) User Profile API Functionality | C47: Extra unknown fields in request | D47: PATCH | E47: /v1/users/{user}/profile | F47: extraField=test | G47: Valid token | H47: Send request | I47: Ignored or 422 error | J47: Ignored as expected | K47: Pass | L47: N/A | M47: N/A | O47: Robustness
... A50: API-UPDATE-PROFILE-046 | B50: (TS-API-006) User Profile API Functionality | C50: Verify response time | D50: PATCH | E50: /v1/users/{user}/profile | F50: valid body | G50: Valid token | H50: Send request | I50: Response within SLA | J50: As expected | K50: Pass | L50: N/A | M50: N/A | O50: Performance
A51: Update user profession details
A52: API-UPDATE-PROFESSION-047 | B52: (TS-API-006) User Profile API Functionality | C52: Update profession details with valid data | D52: PATCH | E52: /v1/users/{user}/profession | F52: All valid fields | G52: User logged in, valid token | H52: Send PUT request with valid body | I52: 200 OK with updated profession data | J52: Profession details updated successfully | K52: Pass | L52: N/A | M52: N/A | O52: Positive case
A53: API-UPDATE-PROFESSION-048 | B53: (TS-API-006) User Profile API Functionality | C53: Update only job title | D53: PATCH | E53: /v1/users/{user}/profession | F53: jobTitle only | G53: Valid token | H53: Send request | I53: 200 OK, jobTitle updated | J53: jobTitle updated successfully | K53: Pass | L53: N/A | M53: N/A | O53: Partial update
A54: API-UPDATE-PROFESSION-049 | B54: (TS-API-006) User Profile API Functionality | C54: Update department using valid department ULID | D54: PATCH | E54: /v1/users/{user}/profession | F54: departmentUlid valid | G54: Valid token | H54: Send request | I54: 200 OK, department updated | J54: Department updated successfully | K54: Pass | L54: N/A | M54: N/A | O54: Foreign key
A55: API-UPDATE-PROFESSION-050 | B55: (TS-API-006) User Profile API Functionality | C55: Update status and type with valid codes | D55: PATCH | E55: /v1/users/{user}/profession | F55: status=0, type=2 | G55: Valid token | H55: Send request | I55: 200 OK, mapped values returned | J55: Mapped values returned as expected | K55: Pass | L55: N/A | M55: N/A | O55: Enum mapping
A56: API-UPDATE-PROFESSION-051 | B56: (TS-API-006) User Profile API Functionality | C56: Verify response contains mapped status & type | D56: PATCH | E56: /v1/users/{user}/profession | F56: valid body | G56: Valid token | H56: Send request | I56: status & type returned as strings | J56: As expected | K56: Pass | L56: N/A | M56: N/A | O56: Mapping validation
A57: API-UPDATE-PROFESSION-052 | B57: (TS-API-006) User Profile API Functionality | C57: Update joining date with valid date | D57: PATCH | E57: /v1/users/{user}/profession | F57: joiningDate valid | G57: Valid token | H57: Send request | I57: 200 OK, joiningDate updated | J57: As expected | K57: Pass | L57: N/A | M57: N/A | O57: Date validation
A58: API-UPDATE-PROFESSION-053 | B58: (TS-API-006) User Profile API Functionality | C58: Update profession without authentication | D58: PATCH | E58: /v1/users/{user}/profession | F58: valid body | G58: User not logged in | H58: Send request | I58: 401 Unauthorized | J58: As expected | K58: Pass | L58: N/A | M58: N/A | O58: Security
A59: API-UPDATE-PROFESSION-054 | B59: (TS-API-006) User Profile API Functionality | C59: Update profession with invalid token | D59: PATCH | E59: /v1/users/{user}/profession | F59: valid body | G59: Invalid token | H59: Send request | I59: 401 Unauthorized | J59: As expected | K59: Pass | L59: N/A | M59: N/A | O59: Auth
A60: API-UPDATE-PROFESSION-055 | B60: (TS-API-006) User Profile API Functionality | C60: Update profession with forbidden role | D60: PATCH | E60: /v1/users/{user}/profession | F60: valid body | G60: User lacks permission | H60: Send request | I60: 403 Forbidden | K60: Not tested | L60: N/A | M60: N/A | O60: RBAC
A61: API-UPDATE-PROFESSION-056 | B61: (TS-API-006) User Profile API Functionality | C61: Update profession for non-existing user | D61: PATCH | E61: /v1/users/{user}/profession | F61: valid body | G61: Valid token | H61: Send request | I61: 404 Not Found | J61: As expected | K61: Pass | L61: N/A | M61: N/A | O61: Data integrity
A62: API-UPDATE-PROFESSION-057 | B62: (TS-API-006) User Profile API Functionality | C62: Update profession with invalid user ULID | D62: PATCH | E62: /v1/users/{user}/profession | F62: user=12345 | G62: Valid token | H62: Send request | I62: 404 or 422 error | J62: Not found returned | K62: Pass | L62: N/A | M62: N/A | O62: Path validation
A63: API-UPDATE-PROFESSION-058 | B63: (TS-API-006) User Profile API Functionality | C63: Missing required fields | D63: PATCH | E63: /v1/users/{user}/profession | F63: empty body | G63: Valid token | H63: Send request | I63: 422 Validation error | J63: As expected | K63: Pass | L63: N/A | M63: N/A | O63: Required fields
A64: API-UPDATE-PROFESSION-059 | B64: (TS-API-006) User Profile API Functionality | C64: Invalid department ULID | D64: PATCH | E64: /v1/users/{user}/profession | F64: departmentUlid invalid | G64: Valid token | H64: Send request | I64: 422 Validation error | J64: As expected | K64: Pass | L64: N/A | M64: N/A | O64: FK validation
A65: API-UPDATE-PROFESSION-060 | B65: (TS-API-006) User Profile API Functionality | C65: Invalid status code | D65: PATCH | E65: /v1/users/{user}/profession | F65: status=9999 | G65: Valid token | H65: Send request | I65: 422 Validation error | J65: As expected | K65: Pass | L65: N/A | M65: N/A | O65: Enum
A66: API-UPDATE-PROFESSION-061 | B66: (TS-API-006) User Profile API Functionality | C66: Invalid type code | D66: PATCH | E66: /v1/users/{user}/profession | F66: type=1111 | G66: Valid token | H66: Send request | I66: 422 Validation error | J66: As expected | K66: Pass | L66: N/A | M66: N/A | O66: Enum
A67: API-UPDATE-PROFESSION-062 | B67: (TS-API-006) User Profile API Functionality | C67: Status value as string | D67: PATCH | E67: /v1/users/{user}/profession | F67: status="Active" | G67: Valid token | H67: Send request | I67: 422 Validation error | J67: As expected | K67: Pass | L67: N/A | M67: N/A | O67: Data type
A68: API-UPDATE-PROFESSION-063 | B68: (TS-API-006) User Profile API Functionality | C68: Type value as string | D68: PATCH | E68: /v1/users/{user}/profession | F68: type="Fulltime" | G68: Valid token | H68: Send request | I68: 422 Validation error | J68: As expected | K68: Pass | L68: N/A | M68: N/A | O68: Data type
A69: API-UPDATE-PROFESSION-064 | B69: (TS-API-006) User Profile API Functionality | C69: Future joiningDate | D69: PATCH | E69: /v1/users/{user}/profession | F69: future date | G69: Valid token | H69: Send request | I69: 422 Validation error | J69: Future date is allowed | K69: Fail | L69: N/A | M69: N/A | O69: Business rule
A70: API-UPDATE-PROFESSION-065 | B70: (TS-API-006) User Profile API Functionality | C70: Extra unknown fields in request | D70: PATCH | E70: /v1/users/{user}/profession | F70: extraField=test | G70: Valid token | H70: Send request | I70: Ignored or 400/422 error | J70: Ignored | K70: Pass | L70: N/A | M70: N/A | O70: Robustness
A71: API-UPDATE-PROFESSION-066 | B71: (TS-API-006) User Profile API Functionality | C71: Verify response schema | D71: PATCH | E71: /v1/users/{user}/profession | F71: valid body | G71: Valid token | H71: Send request | I71: Response matches expected schema | J71: As expected | K71: Pass | L71: N/A | M71: N/A | O71: Contract
A72: API-UPDATE-PROFESSION-067 | B72: (TS-API-006) User Profile API Functionality | C72: Verify profession data persistence | D72: PATCH | E72: /v1/users/{user}/profession | F72: updated values | G72: Valid token | H72: Fetch profile again | I72: Updated profession persists | J72: As expected | K72: Pass | L72: N/A | M72: N/A | O72: DB consistency
A73: API-UPDATE-PROFESSION-068 | B73: (TS-API-006) User Profile API Functionality | C73: Verify response time | D73: PATCH | E73: /v1/users/{user}/profession | F73: valid body | G73: Valid token | H73: Send request | I73: Response within SLA | J73: As expected | K73: Pass | L73: N/A | M73: N/A | O73: Performance
A74: Show list of user by role
A75: API-USER-ROLE-069 | B75: (TS-API-006) User Profile API Functionality | C75: Fetch user list with valid role | D75: GET | E75: /v1/users/list?role=manager | F75: role=user | G75: Valid token | H75: Send request | I75: 200 OK, array of users with role=user | J75: All the users with user role are displayed | K75: Pass | L75: N/A | M75: N/A | O75: Positive case
A76: API-USER-ROLE-070 | B76: (TS-API-006) User Profile API Functionality | C76: Fetch user list with another valid role | D76: GET | E76: /v1/users/list?role=admin | F76: role=admin | G76: Valid token | H76: Send request | I76: 200 OK, array of users with role=admin | J76: User with admin role displayed | K76: Pass | L76: N/A | M76: N/A | O76: Positive case
A77: API-USER-ROLE-071 | B77: (TS-API-006) User Profile API Functionality | C77: Verify response schema | D77: GET | E77: /v1/users/list?role=hr | F77: role=hr | G77: Valid token | H77: Send request | I77: Each user contains ulid, fullName, email, dateOfBirth, gender, phone, address, jobTitle, status, type, joiningDate, emergencyName, emergencyContact, department | J77: All required schema are displayed | K77: Pass | L77: N/A | M77: N/A | O77: Schema validation
A78: API-USER-ROLE-072 | B78: (TS-API-006) User Profile API Functionality | C78: Role parameter missing | D78: GET | E78: /v1/users/list | F78: role not provided | G78: Valid token | H78: Send request | I78: 422 Unprocessable Entity | J78: As expected | K78: Pass | L78: N/A | M78: N/A | O78: Mandatory field
A79: API-USER-ROLE-073 | B79: (TS-API-006) User Profile API Functionality | C79: Role parameter empty | D79: GET | E79: /v1/users/list?role= | F79: role="" | G79: Valid token | H79: Send request | I79: 423 Unprocessable Entity | J79: As expected | K79: Pass | L79: N/A | M79: N/A | O79: Mandatory field
A80: API-USER-ROLE-074 | B80: (TS-API-006) User Profile API Functionality | C80: Invalid role value | D80: GET | E80: /v1/users/list?role=invalidrole | F80: role=invalidrole | G80: Valid token | H80: Send request | I80: 422 Unprocessable Entity or empty array | J80: As expected | K80: Pass | L80: N/A | M80: N/A | O80: Enum validation
A81: API-USER-ROLE-075 | B81: (TS-API-006) User Profile API Functionality | C81: Fetch user list without authentication | D81: GET | E81: /v1/users/list?role=admin | F81: role=admin | G81: User not logged in | H81: Send request | I81: 401 Unauthorized | J81: returned unauthorized | K81: Pass | L81: N/A | M81: N/A | O81: Security
A82: API-USER-ROLE-076 | B82: (TS-API-006) User Profile API Functionality | C82: Fetch user list with invalid token | D82: GET | E82: /v1/users/list?role=admin | F82: role=admin | G82: Invalid token | H82: Send request | I82: 401 Unauthorized | J82: As expected | K82: Pass | L82: N/A | M82: N/A | O82: Auth
A83: API-USER-ROLE-077 | B83: (TS-API-006) User Profile API Functionality | C83: Fetch user list with forbidden role | D83: GET | E83: /v1/users/list?role=admin | F83: role=admin | G83: Valid token, insufficient permission | H83: Send request | I83: 403 Forbidden | K83: Not tested | L83: N/A | M83: N/A | O83: RBAC
A84: API-USER-ROLE-078 | B84: (TS-API-006) User Profile API Functionality | C84: Fetch user list for non-existing role | D84: GET | E84: /v1/users/list?role=ghost | F84: role=ghost | G84: Valid token | H84: Send request | I84: 404 Not Found or empty array | J84: As expected | K84: Pass | L84: N/A | M84: N/A | O84: Data validation
A85: API-USER-ROLE-079 | B85: (TS-API-006) User Profile API Functionality | C85: Special characters in role parameter | D85: GET | E85: /v1/users/list?role=@dm!n | F85: role=@dm!n | G85: Valid token | H85: Send request | I85: 422 Validation error | J85: As expected | K85: Pass | L85: N/A | M85: N/A | O85: Input sanitization
A86: API-USER-ROLE-080 | B86: (TS-API-006) User Profile API Functionality | C86: SQL injection attempt in role parameter | D86: GET | E86: /v1/users/list?role=admin' OR 1=1 | F86: role="admin' OR 1=1" | G86: Valid token | H86: Send request | I86: 422 Validation error | K86: Not tested | L86: N/A | M86: N/A | O86: Security
A87: API-USER-ROLE-081 | B87: (TS-API-006) User Profile API Functionality | C87: Script injection attempt in role parameter | D87: GET | E87: /v1/users/list?role= | F87: role="" | G87: Valid token | H87: Send request | I87: 422 Validation error | K87: Not tested | L87: N/A | M87: N/A | O87: Security
A88: API-USER-ROLE-082 | B88: (TS-API-006) User Profile API Functionality | C88: Verify response time | D88: GET | E88: /v1/users/list?role=admin | F88: role=admin | G88: Valid token | H88: Send request | I88: Response within SLA | J88: As expected | K88: Pass | L88: N/A | M88: N/A | O88: Performance
A89: API-USER-ROLE-083 | B89: (TS-API-006) User Profile API Functionality | C89: Large number of users returned | D89: GET | E89: /v1/users/list?role=admin | F89: role=admin | G89: Valid token, many users exist | H89: Send request | I89: Response handles pagination or returns full list | J89: As expected | K89: Pass | L89: N/A | M89: N/A | O89: Performance/Scalability
A90: API-USER-ROLE-084 | B90: (TS-API-006) User Profile API Functionality | C90: Verify department object for each user | D90: GET | E90: /v1/users/list?role=admin | F90: role=admin | G90: Valid token | H90: Send request | I90: Each user has department object with ulid & name | J90: As expected | K90: Pass | L90: N/A | M90: N/A | O90: Nested object check
A91: Get Paginated List Of User
A92: API-GET-PAG-USER-LST-085 | B92: (TS-API-005) User API Functionality | C92: Fetch users with default pagination | D92: GET | E92: /v1/users | F92: page=1, perPage=2 | G92: Users exist in DB | H92: Send request | I92: Staus Code "200 OK", returns user list | J92: User list fetched successfully | K92: Pass | L92: High | M92: High | O92: Functional
A93: API-GET-PAG-USER-LST-086 | B93: (TS-API-005) User API Functionality | C93: Validate response structure | D93: GET | E93: /v1/users | F93: page=1 | G93: Users exist in DB | H93: Send request | I93: Response contains items[] and meta[] | J93: As expected | K93: Pass | L93: High | M93: High | O93: Functional
A94: API-GET-PAG-USER-LST-087 | B94: (TS-API-005) User API Functionality | C94: Validate user object fields | D94: GET | E94: /v1/users | F94: page=1 | G94: Users exist in DB | H94: Send request | I94: Each user contains all expected fields | J94: As expected | K94: Pass | L94: High | M94: High | O94: Functional
A95: API-GET-PAG-USER-LST-088 | B95: (TS-API-005) User API Functionality | C95: Validate department object structure | D95: GET | E95: /v1/users | F95: page=1 | G95: Users exist in DB | H95: Send request | I95: department contains ulid & name | J95: As expected | K95: Pass | L95: Medium | M95: Medium | O95: Functional
A96: API-GET-PAG-USER-LST-089 | B96: (TS-API-005) User API Functionality | C96: Search by name | D96: GET | E96: /v1/users | F96: name=Ram | G96: Users with matching name exist | H96: Send request | I96: Only users matching "Ram" returned | J96: As expected | K96: Pass | L96: High | M96: High | O96: Functional
A97: API-GET-PAG-USER-LST-090 | B97: (TS-API-005) User API Functionality | C97: Search by department | D97: GET | E97: /v1/users | F97: department=Finance | G97: Finance dept users exist | H97: Send request | I97: Only Finance users returned | J97: As expected | K97: Pass | L97: High | M97: High | O97: Functional
A98: API-GET-PAG-USER-LST-091 | B98: (TS-API-005) User API Functionality | C98: Combined filter (name + department) | D98: GET | E98: /v1/users | F98: name=Ram, department=Finance | G98: Matching users exist | H98: Send request | I98: Returns filtered result correctly | J98: As expected | K98: Pass | L98: High | M98: High | O98: Functional
A99: API-GET-PAG-USER-LST-092 | B99: (TS-API-005) User API Functionality | C99: Validate page number | D99: GET | E99: /v1/users | F99: page=2 | H99: Send request | I99: Returns second page records | J99: As expected | K99: Pass | L99: Medium | M99: Medium | O99: Pagination
A100: API-GET-PAG-USER-LST-093 | B100: (TS-API-005) User API Functionality | C100: Validate perPage limit | D100: GET | E100: /v1/users | F100: perPage=5 | H100: Send request | I100: Max 5 records returned | J100: As expected | K100: Pass | L100: Medium | M100: Medium | O100: Pagination
A101: API-GET-PAG-USER-LST-094 | B101: (TS-API-005) User API Functionality | C101: Validate lastPage calculation | D101: GET | E101: /v1/users | F101: page=lastPage | H101: Send request | I101: meta.lastPage correct | J101: As expected | K101: Pass | L101: Medium | M101: Medium | O101: Pagination
A102: API-GET-PAG-USER-LST-095 | B102: (TS-API-005) User API Functionality | C102: Page beyond lastPage | D102: GET | E102: /v1/users | F102: page=999 | H102: Send request | I102: Empty items array | J102: Emoty array item returned | K102: Pass | L102: Medium | M102: Medium | O102: Pagination
...

Sheet LoginFunctionality
A1: <<<TestScenario
A2: Test Case ID | B2: Test Scenario | C2: Test Case Title | D2: Pre-requisites | E2: Test Steps | F2: Test Data | G2: Expexted Result | H2: Actual Result | I2: Execution Status | J2: Severity | K2: Priority | L2: Attachments | M2: Notes
A3: TC-LF-001 | B3: (TS-001) Login Functionality | C3: Login with valid credentials | D3: User exists and is active | E3: 1. Open login page 2. Enter valid email & password 3. Click Login | F3: email :- jeevanghimire12345@gmail.com password :- Jivraj@1234 | G3: User is logged in and redirected to correct dashboard (Admin/HR/Manager/Employee) | H3: As expected | I3: Pass | J3: High | K3: High | M3: Positive test case
A4: TC-LF-002 | B4: (TS-001) Login Functionality | C4: Login with invalid email and invalid password | D4: None | E4: 1. Open login page 2. Enter invalid email & password 3. Click Login | F4: email :- invalid12@gmail.com password :- Invalid@1234 | G4: Error message: “Incorrect Credentials.” | H4: As expected | I4: Pass | J4: High | K4: High | M4: Negative test case
A5: TC-LF-003 | B5: (TS-001) Login Functionality | C5: Login with invalid email and valid password | D5: User exists | E5: 1. Open login page 2. Enter invalid email & valid password 3. Click Login | F5: email :- invalid12@gmail.com password :- Jivraj@1234 | G5: Error message: “Incorrect Credentials.” | H5: As expected | I5: Pass | J5: High | K5: High
A6: TC-LF-004 | B6: (TS-001) Login Functionality | C6: Login with valid email and invalid password | D6: User exists | E6: 1. Open login page 2. Enter valid email & invalid password 3. Click Login | F6: email :- jeevanghimire12345@gmail.com password :- Invalid@1234 | G6: Error message: “Incorrect Credentials.” | H6: As expected | I6: Pass | J6: High | K6: High
A7: TC-LF-005 | B7: (TS-001) Login Functionality | C7: Login without providing credentials | D7: None | E7: 1. Open login page 2. Leave email & password empty 3. Click Login | F7: Blank inputs | G7: Validation message: “Email and Password field is required.” | H7: As expected | I7: Pass | J7: High | K7: High | M7: Field validation
A8: TC-LF-006 | B8: (TS-001) Login Functionality | C8: Login using keyboard keys (Tab / Enter) | D8: User exists | E8: 1. Open login page 2. Enter valid credentials 3. Press Enter | F8: Valid email & password | G8: User should be logged in successfully | H8: As expected | I8: Pass | J8: Low | K8: Low | M8: Accessibility test
A9: TC-LF-007 | B9: (TS-001) Login Functionality | C9: Verify “Forgot Password” link | D9: None | E9: 1. Open login page 2. Click “Forgot Password” link | F9: N/A | G9: User redirected to Forgot Password page | H9: As expected | I9: Pass | J9: High | K9: Medium | M9: Navigation test
A10: TC-LF-008 | B10: (TS-001) Login Functionality | C10: SQL Injection attempt | D10: None | E10: 1. Open login page 2. Enter SQL injection payload 3. Click Login | F10: OR 1=1 -- | G10: Login blocked and attempt logged | H10: As expected | I10: Pass | J10: High | K10: High | M10: Security test
A11: TC-LF-009 | B11: (TS-001) Login Functionality | C11: Account lock after multiple failed attempts | D11: User exists | E11: 1. Open login page 2. Enter wrong password 5 times | F11: Invalid password | G11: Account locked and notification sent | I11: Not Tested | J11: High | K11: High | M11: Brute-force protection
A12: TC-LF-010 | B12: (TS-001) Login Functionality | C12: Login after account unlock | D12: Account is locked | E12: 1. Wait X minutes 2. Login again with valid credentials | F12: Valid credentials | G12: Login successful | I12: Not Tested | J12: High | K12: Medium | M12: Time-based unlock
A13: TC-LF-011 | B13: (TS-001) Login Functionality | C13: Login with valid OTP | D13: OTP enabled user | E13: 1. Enter valid credentials 2. Enter valid OTP | F13: Valid OTP | G13: Login successful | I13: Not Tested | J13: High | K13: High | M13: MFA flow
A14: TC-LF-012 | B14: (TS-001) Login Functionality | C14: Login with invalid OTP | D14: OTP enabled user | E14: 1. Enter valid credentials 2. Enter invalid OTP | F14: Invalid OTP | G14: Error message displayed | I14: Not Tested | J14: High | K14: High | M14: MFA negative case
A15: TC-LF-013 | B15: (TS-001) Login Functionality | C15: Login using Google / third-party account | D15: Social login enabled | E15: 1. Click Google login 2. Authenticate | F15: Google account | G15: User logged in successfully | I15: Not Tested | J15: Medium | K15: Medium | M15: SSO
A16: TC-LF-014 | B16: (TS-001) Login Functionality | C16: Validate Login UI elements | D16: None | E16: 1. Open login page | F16: N/A | G16: All UI elements visible & aligned | H16: As expected | I16: Pass | J16: Low | K16: Low | M16: UI test
A17: TC-LF-015 | B17: (TS-001) Login Functionality | C17: Validate Forgot Password UI | D17: None | E17: 1. Open forgot password page | F17: N/A | G17: UI loads correctly | H17: As expected | I17: Pass | J17: Low | K17: Low | M17: UI test
A18: TC-LF-016 | B18: (TS-001) Login Functionality | C18: Validate Reset Password UI | D18: Reset link available | E18: 1. Open reset password link | F18: N/A | G18: Reset password UI displayed | I18: Not Tested | J18: Medium | K18: Medium
A19: TC-LF-017 | B19: (TS-001) Login Functionality | C19: Change password on first login | D19: isGeneratedPassword = true | E19: 1. Login first time 2. Change password | F19: New password | G19: Password changed and login successful | H19: As expected | I19: Pass | J19: High | K19: High | M19: Mandatory flow
A20: TC-LF-018 | B20: (TS-001) Login Functionality | C20: Login with inactive user | D20: User is inactive | E20: 1. Enter credentials 2. Click Login | F20: Valid credentials | G20: Login denied with proper message | I20: Not Tested | J20: High | K20: High | M20: User status validation
A21: TC-LF-019 | B21: (TS-001) Login Functionality | C21: Rate limiting on login attempts | D21: Rate limit enabled | E21: 1. Send multiple login requests | F21: Multiple attempts | G21: 429 Too Many Requests | I21: Not Tested | J21: Medium | K21: Medium | M21: Security & performance

Sheet RegistrationFunctionality
A1: <<<TestScenario
A2: Test Case ID | B2: Test Scenario | C2: Test Case Title | D2: Pre-requisites | E2: Test Steps | F2: Test Data | G2: Expexted Result | H2: Actual Result | I2: Execution Status | J2: Severity | K2: Priority | L2: Attachments | M2: Notes
A3: TC-RF-001 | B3: (TS-002) Registration Functionality | C3: Valid user registration | D3: Application accessible | E3: 1. Open Registration page 2. Fill all required fields 3. Click Submit / Signup / Register | F3: Valid user details | G3: Account created successfully and success message displayed | I3: Not Tested | J3: High | K3: High | M3: Positive test case
A4: TC-RF-002 | B4: (TS-002) Registration Functionality | C4: Registration with duplicate email | D4: User already registered with email | E4: 1. Open Registration page 2. Fill all required fields 3. Enter already registered email 4. Click Submit | F4: Existing email | G4: Error message: “Email already registered” | I4: Not Tested | J4: High | K4: High | M4: Negative test case
A5: TC-RF-003 | B5: (TS-002) Registration Functionality | C5: Registration with weak password | D5: None | E5: 1. Open Registration page 2. Fill all required fields 3. Enter weak password 4. Click Submit | F5: Weak password | G5: Password validation message displayed (e.g., “Password must contain uppercase, number, special character”) | I5: Not Tested | J5: Medium | K5: Medium | M5: Password policy
A6: TC-RF-004 | B6: (TS-002) Registration Functionality | C6: Submit form with empty mandatory fields | D6: None | E6: 1. Open Registration page 2. Leave mandatory fields empty 3. Click Submit | F6: Blank fields | G6: Validation message: “XXX cannot be empty” | I6: Not Tested | J6: Low | K6: Medium | M6: Field validation
A7: TC-RF-005 | B7: (TS-002) Registration Functionality | C7: Validate Registration page UI | D7: None | E7: 1. Open Registration page | F7: N/A | G7: Registration UI follows UI checklist (alignment, labels, placeholders) | I7: Not Tested | J7: High | K7: Low | M7: UI validation
A8: TC-RF-006 | B8: (TS-002) Registration Functionality | C8: Password and confirm password mismatch | D8: None | E8: 1. Open Registration page 2. Enter password and mismatched confirm password 3. Click Submit | F8: Password mismatch | G8: Error message displayed for password mismatch | I8: Not Tested | J8: Medium | K8: Medium | M8: Common validation
A9: TC-RF-007 | B9: (TS-002) Registration Functionality | C9: Invalid email format | D9: None | E9: 1. Open Registration page 2. Enter invalid email format 3. Click Submit | F9: Invalid email | G9: Email format validation message displayed | I9: Not Tested | J9: Low | K9: Medium | M9: Regex validation
A10: TC-RF-008 | B10: (TS-002) Registration Functionality | C10: Terms & Conditions not accepted | D10: None | E10: 1. Open Registration page 2. Fill form without accepting T&C 3. Click Submit | F10: T&C unchecked | G10: Error message prompting to accept Terms & Conditions | I10: Not Tested | J10: Medium | K10: Medium | M10: Compliance
A11: TC-RF-009 | B11: (TS-002) Registration Functionality | C11: Email verification after registration | D11: Email service enabled | E11: 1. Complete registration2. Check email inbox | F11: Valid email | G11: Verification email sent successfully | I11: Not Tested | J11: High | K11: Medium | M11: Post-registration flow
A12: TC-RF-010 | B12: (TS-002) Registration Functionality | C12: SQL injection attempt during registration | D12: None | E12: 1. Open Registration page 2. Enter SQL payload in input fields 3. Click Submit | F12: OR 1=1 -- | G12: Registration blocked and attempt logged | I12: Not Tested | J12: High | K12: High | M12: Security test
A13: TC-RF-011 | B13: (TS-002) Registration Functionality | C13: Email field minimum length | D13: None | E13: 1. Open Registration page 2. Enter minimum valid email length 3. Submit form | F13: a@b.co | G13: Registration allowed | I13: Not Tested | J13: Low | K13: Low | M13: Boundary validation
A14: TC-RF-012 | B14: (TS-002) Registration Functionality | C14: Email field maximum length | D14: None | E14: 1. Open Registration page 2. Enter email exceeding max length 3. Submit form | F14: 256+ characters email | G14: Validation error displayed | I14: Not Tested | J14: Medium | K14: Medium | M14: RFC compliance
... A26: TC-RF-024 | B26: (TS-002) Registration Functionality | C26: Database performance during registration | D26: DB connected | E26: 1. Submit valid registration | F26: Valid data | G26: No DB timeout or deadlock | I26: Not Tested | J26: High | K26: Medium | M26: Backend stability

Sheet PasswordManagement
A1: s
A2: Test Case ID | B2: Test Scenario | C2: Test Case Title | D2: Pre-requisites | E2: Test Steps | F2: Test Data | G2: Expexted Result | H2: Actual Result | I2: Execution Status | J2: Severity | K2: Priority | L2: Attachments | M2: Notes
A3: TC-PM-001 | B3: (TS-003) Password Management | C3: Check Minimum length | D3: Password policy enabled | E3: Enter < 8 characters | F3: abc@12 | G3: Show password length error | I3: Not Tested | J3: High | K3: High
A4: TC-PM-002 | B4: (TS-003) Password Management | C4: Special Character Check | D4: Password policy enabled | E4: Enter password without special character | F4: Abcdef12 | G4: Error shown | I4: Not Tested | J4: High | K4: High
A5: TC-PM-003 | B5: (TS-003) Password Management | C5: First Login Forced Password Change | D5: New user | E5: Login first time | F5: Valid credentials | G5: Redirect to change password page | I5: Not Tested | J5: High | K5: High
A6: TC-PM-004 | B6: (TS-003) Password Management | C6: Prevent Password Reuse | D6: Password history exists | E6: Try old password | F6: Previous password | G6: Error: Cannot reuse previous password | I6: Not Tested | J6: High | K6: High
A7: TC-PM-005 | B7: (TS-003) Password Management | C7: Password Expiry | D7: Password expired | E7: Login | F7: Valid password | G7: Force change password | I7: Not Tested | J7: High | K7: High
B8: Boundary Test Cases
A9: TC-PM-006 | B9: (TS-003) Password Management | C9: Min length = 8 chars | D9: Policy enabled | E9: Enter exactly 8 chars | F9: Ab@12345 | G9: Accepted | I9: Not Tested | J9: Medium | K9: Medium
A10: TC-PM-007 | B10: (TS-003) Password Management | C10: Min length = 7 chars | D10: Policy enabled | E10: Enter 7 chars | F10: Ab@1234 | G10: Length error | I10: Not Tested | J10: Medium | K10: Medium
A11: TC-PM-008 | B11: (TS-003) Password Management | C11: Max length allowed | D11: Policy enabled | E11: Enter max length | F11: 64 chars | G11: Accepted | I11: Not Tested | J11: Medium | K11: Medium
A12: TC-PM-009 | B12: (TS-003) Password Management | C12: Max length exceeded | D12: Policy enabled | E12: Enter > max | F12: 65+ chars | G12: Length exceeded error | I12: Not Tested | J12: Medium | K12: Medium
A13: TC-PM-010 | B13: (TS-003) Password Management | C13: Exactly 1 special char | D13: Policy enabled | E13: Enter password | F13: Abcdef@1 | G13: Accepted | I13: Not Tested | J13: Low | K13: Low
A14: TC-PM-011 | B14: (TS-003) Password Management | C14: No special char | D14: Policy enabled | E14: Enter password | F14: Abcdef12 | G14: Error shown | I14: Not Tested | J14: High | K14: High
A15: TC-PM-012 | B15: (TS-003) Password Management | C15: Old password reuse boundary | D15: History exists | E15: Try last password | F15: Previous | G15: Reuse blocked | I15: Not Tested | J15: High | K15: High
A16: TC-PM-013 | B16: (TS-003) Password Management | C16: Expiry on last valid day | D16: Expiring today | E16: Login | F16: Valid password | G16: Login + warning | I16: Not Tested | J16: Medium | K16: Medium
A17: TC-PM-014 | B17: (TS-003) Password Management | C17: Expired by 1 day | D17: Password expired | E17: Login | F17: Valid password | G17: Force reset | I17: Not Tested | J17: High | K17: High
B18: Performance & Load Test Cases
A19: TC-PM-015 | B19: (TS-003) Password Management | C19: Password validation response time | D19: Normal system | E19: Submit password | F19: Single user | G19: ≤ 2 sec response | I19: Not Tested | J19: Medium | K19: Medium
A20: TC-PM-016 | B20: (TS-003) Password Management | C20: Concurrent password changes | D20: System stable | E20: Change password | F20: 100 users | G20: No crash | I20: Not Tested | J20: High | K20: High
A21: TC-PM-017 | B21: (TS-003) Password Management | C21: First login password change load | D21: New users exist | E21: Login first time | F21: 50 users | G21: All redirected correctly | I21: Not Tested | J21: High | K21: High
A22: TC-PM-018 | B22: (TS-003) Password Management | C22: Password reuse check performance | D22: History enabled | E22: Reuse attempts | F22: 20 attempts | G22: Stable response | I22: Not Tested | J22: Medium | K22: Medium
A23: TC-PM-019 | B23: (TS-003) Password Management | C23: Expired password under load | D23: Many expired accounts | E23: Login | F23: 100 users | G23: Forced reset | I23: Not Tested | J23: High | K23: High
A24: TC-PM-020 | B24: (TS-003) Password Management | C24: Stress – password validation | D24: High load | E24: Rapid submits | F24: 500 req/min | G24: No errors | I24: Not Tested | J24: Critical | K24: High
B25: Security Test Cases (Brute Force, Abuse)
A26: TC-PM-021 | B26: (TS-003) Password Management | C26: Brute force – repeated failures | D26: Account exists | E26: Wrong password repeatedly | F26: 5–10 attempts | G26: Account locked / CAPTCHA | I26: Not Tested | J26: Critical | K26: High
A27: TC-PM-022 | B27: (TS-003) Password Management | C27: Rapid login attempts | D27: Rate limit enabled | E27: Send rapid requests | F27: 20/min | G27: Requests throttled | I27: Not Tested | J27: Critical | K27: High
A28: TC-PM-023 | B28: (TS-003) Password Management | C28: Login during lockout | D28: Account locked | E28: Login | F28: Correct password | G28: Login blocked | I28: Not Tested | J28: High | K28: High
A29: TC-PM-024 | B29: (TS-003) Password Management | C29: Login after lock expiry | D29: Lock expired | E29: Login | F29: Valid creds | G29: Login allowed | I29: Not Tested | J29: Medium | K29: Medium
A30: TC-PM-025 | B30: (TS-003) Password Management | C30: Distributed brute force | D30: Multiple IPs | E30: Wrong attempts | F30: Invalid password | G30: Blocked | I30: Not Tested | J30: Critical | K30: High
B31: Weak Password Patterns
A32: TC-PM-026 | B32: (TS-003) Password Management | C32: All numeric password | D32: N/A | E32: N/A | F32: 12345678 | G32: Weak password error | I32: Not Tested | J32: High | K32: High
A33: TC-PM-027 | B33: (TS-003) Password Management | C33: All alphabetic password | D33: N/A | E33: N/A | F33: abcdefgh | G33: Weak password error | I33: Not Tested | J33: High | K33: High
A34: TC-PM-028 | B34: (TS-003) Password Management | C34: Repeated characters | D34: N/A | E34: N/A | F34: aaaaaa@1 | G34: Error shown | I34: Not Tested | J34: Medium | K34: Medium
A35: TC-PM-029 | B35: (TS-003) Password Management | C35: Sequential pattern | D35: N/A | E35: N/A | F35: Abc@1234 | G35: Error shown | I35: Not Tested | J35: Medium | K35: Medium
A36: TC-PM-030 | B36: (TS-003) Password Management | C36: Keyboard pattern | D36: N/A | E36: N/A | F36: Qwerty@1 | G36: Error shown | I36: Not Tested | J36: Medium | K36: Medium
A37: TC-PM-031 | B37: (TS-003) Password Management | C37: Common password | D37: N/A | E37: N/A | F37: Password@1 | G37: Blocked | I37: Not Tested | J37: High | K37: High
B38: Context-Aware & Injection Security
A39: TC-PM-032 | B39: (TS-003) Password Management | C39: Password = email | D39: N/A | E39: N/A | G39: Error shown | I39: Not Tested | J39: High | K39: High
A40: TC-PM-033 | B40: (TS-003) Password Management | C40: Password contains username | D40: N/A | E40: N/A | G40: Error shown | I40: Not Tested | J40: Medium | K40: Medium
A41: TC-PM-034 | B41: (TS-003) Password Management | C41: Case-insensitive reuse | D41: N/A | E41: N/A | G41: Blocked | I41: Not Tested | J41: High | K41: High
A42: TC-PM-035 | B42: (TS-003) Password Management | C42: Trimmed password bypass | D42: N/A | E42: N/A | G42: Trim + validate | I42: Not Tested | J42: Medium | K42: Medium
A43: TC-PM-036 | B43: (TS-003) Password Management | C43: SQL injection attempt | D43: N/A | E43: N/A | G43: Rejected safely | I43: Not Tested | J43: Critical | K43: High
A44: TC-PM-037 | B44: (TS-003) Password Management | C44: Script injection | D44: N/A | E44: N/A | G44: Sanitized | I44: Not Tested | J44: Critical | K44: High
A45: TC-PM-038 | B45: (TS-003) Password Management | C45: Unicode homoglyph | D45: N/A | E45: N/A | G45: Blocked | I45: Not Tested | J45: High | K45: Medium
A46: TC-PM-039 | B46: (TS-003) Password Management | C46: Very long payload | D46: N/A | E46: N/A | G46: Safely rejected | I46: Not Tested | J46: High | K46: Medium
A47: TC-PM-040 | B47: (TS-003) Password Management | C47: Missing password | D47: N/A | E47: N/A | G47: Validation error | I47: Not Tested | J47: High | K47: High
B48: Session & Token Security
A49: TC-PM-041 | B49: (TS-003) Password Management | C49: Session invalidation after change | D49: N/A | E49: N/A | G49: All sessions invalidated | I49: Not Tested | J49: Critical | K49: High
A50: TC-PM-042 | B50: (TS-003) Password Management | C50: Token reuse after reset | D50: N/A | E50: N/A | G50: Access denied | I50: Not Tested | J50: Critical | K50: High
A51: TC-PM-043 | B51: (TS-003) Password Management | C51: Concurrent password change | D51: N/A | E51: N/A | G51: Only one succeeds | I51: Not Tested | J51: High | K51: High

Sheet ForgotPassword
A1: <<<TestScenario
A2: Test Case ID | B2: Test Scenario | C2: Test Case Title | D2: Pre-requisites | E2: Test Steps | F2: Test Data | G2: Expexted Result | H2: Actual Result | I2: Execution Status | J2: Severity | K2: Priority | L2: Attachments | M2: Notes
A3: TC-FP-001 | B3: (TS-004) Forgot Password | C3: Reset for Valid Email | D3: Email is registered in system | E3: Enter registered email → Click Submit | F3: registered@example.com | G3: Password reset email sent successfully | I3: Not Tested | J3: High | K3: High | M3: Email should not reveal sensitive info
A4: TC-FP-002 | B4: (TS-004) Forgot Password | C4: Invalid Email Attempt | D4: Email not registered | E4: Enter non-existing email → Click Submit | F4: fake@example.com | G4: Error message: “Email not found” | I4: Not Tested | J4: Medium | K4: Medium | M4: Avoid user enumeration (generic msg recommended)
A5: TC-FP-003 | B5: (TS-004) Forgot Password | C5: Reset Using Valid Link | D5: Reset email received | E5: Click reset link → Enter new password → Submit | F5: Valid password | G5: Password updated successfully | I5: Not Tested | J5: Critical | K5: High | M5: Token should be single-use
A6: TC-FP-004 | B6: (TS-004) Forgot Password | C6: Expired Reset Link | D6: Reset link expired | E6: Click expired reset link | F6: Expired URL | G6: Error message: “Link Expired” | I6: Not Tested | J6: High | K6: High | M6: Token expiry must be enforced
B7: Security Test Cases
A8: TC-FP-005 | B8: (TS-004) Forgot Password | C8: Reuse Reset Link | E8: Use same reset link twice | G8: Second attempt rejected | I8: Not Tested | J8: Critical | K8: High
A9: TC-FP-006 | B9: (TS-004) Forgot Password | C9: Invalid Token | E9: Modify token in reset URL | G9: Error: Invalid token | I9: Not Tested | J9: Critical | K9: High
A10: TC-FP-007 | B10: (TS-004) Forgot Password | C10: Brute Force Reset Attempts | E10: Submit multiple reset requests rapidly | G10: Rate limit / CAPTCHA applied | I10: Not Tested | J10: Critical | K10: High
A11: TC-FP-008 | B11: (TS-004) Forgot Password | C11: Password Policy Enforcement | E11: Set weak password via reset | G11: Password validation error | I11: Not Tested | J11: High | K11: High
A12: TC-FP-009 | B12: (TS-004) Forgot Password | C12: Session Invalidation After Reset | E12: Reset password while logged in | G12: All active sessions invalidated | I12: Not Tested | J12: Critical | K12: High
A13: TC-FP-010 | B13: (TS-004) Forgot Password | C13: Generic Response Validation | E13: Reset request for any email | G13: Same success message shown | I13: Not Tested | J13: High | K13: Medium

Sheet RBACFunctionality
A1: <<<TestScenario
A2: Test Case ID | B2: Test Scenario | C2: Test Case Title | D2: Pre-requisites | E2: Test Steps | F2: Test Data | G2: Expexted Result | H2: Actual Result | I2: Execution Status | J2: Severity | K2: Priority | L2: Attachments | M2: Notes
A3: TC-RBAC-001 | B3: (TS-006) RBAC Functionality | C3: Admin Login | D3: User exists with Admin role | E3: Enter valid admin email & password | F3: Admin credentials | G3: Successful login and redirect to Admin dashboard | H3: As expected | I3: Pass | J3: N/A | K3: N/A | M3: Authentication
A4: TC-RBAC-002 | B4: (TS-006) RBAC Functionality | C4: HR Login | D4: User exists with HR role | E4: Enter valid HR email & password | F4: HR credentials | G4: Successful login and redirect to HR dashboard | H4: As expected | I4: Pass | J4: N/A | K4: N/A | M4: Authentication
A5: TC-RBAC-003 | B5: (TS-006) RBAC Functionality | C5: Manager Login | D5: User exists with Manager role | E5: Enter valid Manager email & password | F5: Manager credentials | G5: Successful login and redirect to Manager dashboard | I5: Not Tested | J5: N/A | K5: N/A | M5: Authentication
A6: TC-RBAC-004 | B6: (TS-006) RBAC Functionality | C6: Employee Login | D6: User exists with Employee role | E6: Enter valid Employee email & password | F6: Employee credentials | G6: Successful login and redirect to Employee dashboard | I6: Not Tested | J6: N/A | K6: N/A | M6: Authentication
A7: TC-RBAC-005 | B7: (TS-006) RBAC Functionality | C7: Employee accessing Admin panel | D7: Employee logged in | E7: Login as Employee → open Admin URL | F7: Admin URL | G7: Access denied / Unauthorized page | I7: Not Tested | J7: High | K7: High | M7: Privilege escalation
A8: TC-RBAC-006 | B8: (TS-006) RBAC Functionality | C8: Admin accessing HR module | D8: Admin logged in | E8: Navigate to HR module | F8: N/A | G8: Access allowed | I8: Not Tested | J8: N/A | K8: N/A | M8: Cross-role permission
A9: TC-RBAC-007 | B9: (TS-006) RBAC Functionality | C9: Manager accessing Employee profiles | D9: Manager logged in | E9: Open Team / Employee Profiles | F9: N/A | G9: Only permitted employee list visible | I9: Not Tested | J9: N/A | K9: N/A | M9: Data scoping
A10: TC-RBAC-008 | B10: (TS-006) RBAC Functionality | C10: Unauthorized API access | D10: Valid token with wrong role | E10: Call Admin API using Employee token | F10: Admin API | G10: 403 Forbidden | I10: Not Tested | J10: High | K10: High | M10: API RBAC
A11: TC-RBAC-009 | B11: (TS-006) RBAC Functionality | C11: Direct URL access restriction | D11: Employee logged in | E11: Manually enter Admin module URL | F11: Admin URL | G11: Redirect to Access Denied page | I11: Not Tested | J11: High | K11: High | M11: URL-based RBAC
A12: TC-RBAC-010 | B12: (TS-006) RBAC Functionality | C12: Menu visibility for Employee | D12: Employee logged in | E12: Observe sidebar/menu | F12: N/A | G12: Admin/HR menus hidden | I12: Not Tested | J12: Medium | K12: Medium | M12: UI RBAC
A13: TC-RBAC-011 | B13: (TS-006) RBAC Functionality | C13: Menu visibility for Admin | D13: Admin logged in | E13: Observe sidebar/menu | F13: N/A | G13: All menus visible | I13: Not Tested | J13: Low | K13: Low | M13: UI validation
A14: TC-RBAC-012 | B14: (TS-006) RBAC Functionality | C14: Session role tampering | D14: Logged-in Employee | E14: Modify role in browser storage | F14: role=admin | G14: Access still denied | I14: Not Tested | J14: High | K14: High | M14: Security
A15: TC-RBAC-013 | B15: (TS-006) RBAC Functionality | C15: Access after logout | D15: User logged out | E15: Press browser back button | F15: N/A | G15: Redirect to login page | H15: As expected with "Session Expired : Login Again" message also appear | I15: Pass | J15: Medium | K15: Medium | M15: Session control
A16: TC-RBAC-014 | B16: (TS-006) RBAC Functionality | C16: Disabled user access | D16: User account disabled | E16: Attempt login | F16: Valid creds | G16: Login blocked with error | I16: Not Tested | J16: High | K16: High | M16: User lifecycle
A17: TC-RBAC-015 | B17: (TS-006) RBAC Functionality | C17: Role change impact | D17: User role updated by Admin | E17: Logout → Login again | F17: Updated role | G17: New permissions applied | I17: Not Tested | J17: Medium | K17: Medium | M17: Role refresh
A18: TC-RBAC-016 | B18: (TS-006) RBAC Functionality | C18: Multiple tabs role enforcement | D18: Employee logged in | E18: Open Admin URL in new tab | F18: Admin URL | G18: Access denied | I18: Not Tested | J18: Medium | K18: Medium | M18: Multi-tab behavior

Sheet LogAuditFunctionality
A1: <<<TestScenario
A2: Test Case ID | B2: Test Scenario | C2: Test Case Title | D2: Pre-requisites | E2: Test Steps | F2: Test Data | G2: Expexted Result | H2: Actual Result | I2: Execution Status | J2: Severity | K2: Priority | L2: Attachments | M2: Notes
A3: TC-LOG-AUDIT-001 | B3: (TS-007) Log & Audit Functionality | C3: Log Successful Login | D3: Logging enabled | E3: Login from unusual location | F3: Valid credentials | G3: Login event logged with timestamp, IP, user ID | I3: Not Tested | J3: Medium | K3: Medium | M3: Authentication logs
A4: TC-LOG-AUDIT-002 | B4: (TS-007) Log & Audit Functionality | C4: Log Failed Login | D4: None | E4: Attempt login with invalid credentials | F4: Wrong credentials | G4: Failed login attempt logged | I4: Not Tested | J4: High | K4: High | M4: Security
A5: TC-LOG-AUDIT-003 | B5: (TS-007) Log & Audit Functionality | C5: Suspicious IP Detection | D5: IP monitoring enabled | E5: Login from foreign/unusual IP | F5: Foreign IP | G5: Suspicious activity alert triggered and logged | I5: Not Tested | J5: High | K5: High | M5: Threat detection
A6: TC-LOG-AUDIT-004 | B6: (TS-007) Log & Audit Functionality | C6: Log Account Lock | D6: Account lock threshold configured | E6: Fail login 5 times | F6: Wrong credentials | G6: Account lock event logged | I6: Not Tested | J6: High | K6: High | M6: Brute-force protection
A7: TC-LOG-AUDIT-005 | B7: (TS-007) Log & Audit Functionality | C7: Log Successful Logout | D7: User logged in | E7: Click Logout | F7: N/A | G7: Logout event logged | I7: Not Tested | J7: Low | K7: Medium | M7: Session audit
A8: TC-LOG-AUDIT-006 | B8: (TS-007) Log & Audit Functionality | C8: Log Password Change | D8: User logged in | E8: Change password | F8: New password | G8: Password change event logged (no password value stored) | I8: Not Tested | J8: High | K8: High | M8: Sensitive data
A9: TC-LOG-AUDIT-007 | B9: (TS-007) Log & Audit Functionality | C9: Log Failed Password Change | D9: User logged in | E9: Enter invalid old password | F9: Wrong old password | G9: Failed password change logged | I9: Not Tested | J9: Medium | K9: Medium | M9: Error tracking
A10: TC-LOG-AUDIT-008 | B10: (TS-007) Log & Audit Functionality | C10: Log Role Change | D10: Admin privileges | E10: Change user role | F10: Employee → Manager | G10: Role update logged with actor details | I10: Not Tested | J10: High | K10: High | M10: Compliance
A11: TC-LOG-AUDIT-009 | B11: (TS-007) Log & Audit Functionality | C11: Log Profile Update | D11: User logged in | E11: Update profile details | F11: Name, phone | G11: Profile update logged | I11: Not Tested | J11: Low | K11: Low | M11: Data modification
A12: TC-LOG-AUDIT-010 | B12: (TS-007) Log & Audit Functionality | C12: Log Unauthorized Access | D12: User logged in | E12: Access restricted module | F12: Admin URL | G12: Unauthorized access attempt logged | I12: Not Tested | J12: High | K12: High | M12: Access control
A13: TC-LOG-AUDIT-011 | B13: (TS-007) Log & Audit Functionality | C13: Log File Upload Activity | D13: Upload feature enabled | E13: Upload file/image | F13: Valid file | G13: Upload event logged with filename | I13: Not Tested | J13: Medium | K13: Medium | M13: File audit
A14: TC-LOG-AUDIT-012 | B14: (TS-007) Log & Audit Functionality | C14: Log File Delete Activity | D14: File exists | E14: Delete file | F14: File ID | G14: File delete event logged | I14: Not Tested | J14: Medium | K14: Medium | M14: File audit
... A17: TC-LOG-AUDIT-015 | B17: (TS-007) Log & Audit Functionality | C17: Log Session Timeout | D17: Session timeout configured | E17: Stay idle until timeout | F17: N/A | G17: Session timeout logged | I17: Not Tested | J17: Medium | K17: Medium | M17: Session handling
B18: Field Validation Test Cases
A19: TC-LOG-AUDIT-016 | B19: (TS-007) Log & Audit Functionality | C19: Validate mandatory audit fields | D19: Logging enabled | E19: Perform successful login | F19: Valid credentials | G19: Audit log contains timestamp, userId, action, IP, status | I19: Not Tested | J19: Medium | K19: High | M19: Mandatory fields present
A20: TC-LOG-AUDIT-017 | B20: (TS-007) Log & Audit Functionality | C20: Validate timestamp format | D20: Logging enabled | E20: Trigger any auditable action | F20: Any valid action | G20: Timestamp stored in ISO 8601 / system standard format | I20: Not Tested | J20: Low | K20: Medium | M20: Timezone included
A21: TC-LOG-AUDIT-018 | B21: (TS-007) Log & Audit Functionality | C21: Validate userId for authenticated action | D21: User logged in | E21: Perform profile update | F21: Valid payload | G21: Correct userId stored in audit log | I21: Not Tested | J21: Medium | K21: High | M21: Matches session user
A22: TC-LOG-AUDIT-019 | B22: (TS-007) Log & Audit Functionality | C22: Validate anonymous user logging | D22: User not logged in | E22: Attempt invalid login | F22: Wrong credentials | G22: userId = null / anonymous recorded | I22: Not Tested | J22: Medium | K22: Medium | M22: Required for security
A23: TC-LOG-AUDIT-020 | B23: (TS-007) Log & Audit Functionality | C23: Validate action name accuracy | D23: Logging enabled | E23: Delete resource | F23: Resource ID | G23: Correct action name (DELETE_RESOURCE) stored | I23: Not Tested | J23: Low | K23: Medium | M23: Consistent naming
A24: TC-LOG-AUDIT-021 | B24: (TS-007) Log & Audit Functionality | C24: Validate IP address logging | D24: Logging enabled | E24: Login from browser | F24: Valid credentials | G24: Correct IPv4/IPv6 stored | I24: Not Tested | J24: Medium | K24: High | M24: Required for audits
A25: TC-LOG-AUDIT-022 | B25: (TS-007) Log & Audit Functionality | C25: Validate device / user-agent logging | D25: Logging enabled | E25: Login using browser | F25: Browser UA | G25: User-agent stored correctly | I25: Not Tested | J25: Low | K25: Low | M25: Optional field
A26: TC-LOG-AUDIT-023 | B26: (TS-007) Log & Audit Functionality | C26: Validate status field | D26: Logging enabled | E26: Failed login | F26: Wrong password | G26: Status stored as FAILED | I26: Not Tested | J26: Medium | K26: High | M26: ENUM validation
A27: TC-LOG-AUDIT-024 | B27: (TS-007) Log & Audit Functionality | C27: Validate metadata JSON structure | D27: Logging enabled | E27: Upload file | F27: File payload | G27: Metadata stored as valid JSON | I27: Not Tested | J27: Low | K27: Medium | M27: Prevents parsing issues
A28: TC-LOG-AUDIT-025 | B28: (TS-007) Log & Audit Functionality | C28: Prevent oversized metadata | D28: Logging enabled | E28: Upload large payload | F28: > allowed size | G28: Metadata truncated or rejected safely | I28: Not Tested | J28: High | K28: High | M28: Prevent DB issues
B29: Performance & Volume Test Cases
A30: TC-LOG-AUDIT-026 | B30: (TS-007) Log & Audit Functionality | C30: High-frequency log generation | D30: Logging enabled | E30: Trigger 1,000 actions/min | F30: Bulk API calls | G30: All logs recorded without loss | I30: Not Tested | J30: High | K30: High | M30: Log flooding test
A31: TC-LOG-AUDIT-027 | B31: (TS-007) Log & Audit Functionality | C31: Concurrent user logging | D31: Logging enabled | E31: 500 users login simultaneously | F31: Valid credentials | G31: Logs created for all users | I31: Not Tested | J31: High | K31: High | M31: Concurrency handling
A32: TC-LOG-AUDIT-028 | B32: (TS-007) Log & Audit Functionality | C32: Logging under peak load | D32: System under load | E32: Perform CRUD operations | F32: Mixed actions | G32: No performance degradation > SLA | I32: Not Tested | J32: High | K32: High | M32: Response time check
A33: TC-LOG-AUDIT-029 | B33: (TS-007) Log & Audit Functionality | C33: Log write failure handling | D33: DB unavailable | E33: Perform auditable action | F33: Any | G33: Action succeeds, log queued or fallback applied | I33: Not Tested | J33: Critical | K33: High | M33: Fault tolerance
A34: TC-LOG-AUDIT-030 | B34: (TS-007) Log & Audit Functionality | C34: Log flooding protection | D34: Logging enabled | E34: Send automated requests | F34: Rapid API hits | G34: Rate limiting or throttling applied | I34: Not Tested | J34: High | K34: High | M34: Prevent abuse
A35: TC-LOG-AUDIT-031 | B35: (TS-007) Log & Audit Functionality | C35: Audit log retention policy | D35: Retention configured | E35: Wait beyond retention period | F35: Old logs | G35: Logs archived or deleted as per policy | I35: Not Tested | J35: Medium | K35: Medium | M35: Compliance
A36: TC-LOG-AUDIT-032 | B36: (TS-007) Log & Audit Functionality | C36: Archive retrieval performance | D36: Archived logs exist | E36: Query archived logs | F36: Date range | G36: Logs retrieved within acceptable time | I36: Not Tested | J36: Low | K36: Medium | M36: Reporting use
A37: TC-LOG-AUDIT-033 | B37: (TS-007) Log & Audit Functionality | C37: Disk space threshold handling | D37: Low disk space | E37: Generate logs | F37: Continuous actions | G37: Logging continues or alerts triggered | I37: Not Tested | J37: Critical | K37: High | M37: Stability test
A38: TC-LOG-AUDIT-034 | B38: (TS-007) Log & Audit Functionality | C38: Database index efficiency | D38: Large log dataset | E38: Query logs by user/date | F38: Filters applied | G38: Query executes within SLA | I38: Not Tested | J38: Medium | K38: Medium | M38: Index validation
A39: TC-LOG-AUDIT-035 | B39: (TS-007) Log & Audit Functionality | C39: Log export under load | D39: Logs > 1M rows | E39: Export logs | F39: CSV/PDF | G39: Export completes without crash | I39: Not Tested | J39: Medium | K39: Medium | M39: Compliance export

Sheet Screenshots
A1: <<<TestScenario | B1: <<<AuthAPITestScenario
A2: <<<APITestScenario
A3: <<<API-UPLOAD-FILE-006
A15: <<<API-UPLOAD-FILE-013

Sheet SetPasswordAPI
A1: <<<TestScenario | B1: <<<APITestScenario | C1: <<<AuthAPITestScenario
A2: Test Case ID | B2: Test Scenario | C2: Test Case Title | D2: Method | E2: API Endpoints | F2: Test Data | G2: Pre-requisites | H2: Test Steps | I2: Expected Result | J2: Actual Result | K2: Execution Status | L2: Severity | M2: Priority | N2: Attachments | O2: Notes
B3: Set Password On First Login
A4: API-SET-PASS-001 | B4: (TS-AUTH-API-006) Set Password API Functionality | C4: Set password successfully on first login | D4: PATCH | E4: /v1/auth/password/set | F4: { "password":"Password12#", "confirmPassword":"Password12#" } | G4: User logged in with temporary password and valid token | H4: 1. Send POST request | I4: 200 OK or 204 No Content | J4: As expected | K4: Pass | L4: N/A | M4: N/A
A5: API-SET-PASS-002 | B5: (TS-AUTH-API-006) Set Password API Functionality | C5: Reject when password and confirmPassword do not match | D5: PATCH | E5: /v1/auth/password/set | F5: { "password":"Password12#", "confirmPassword":"Password13#" } | G5: First login | H5: 1. Send POST request | I5: Status Code "422 Unprocessable Entity" with Proper Message | J5: As expected with "The confirm password field must match password." | K5: Pass | L5: N/A | M5: N/A
A6: API-SET-PASS-003 | B6: (TS-AUTH-API-006) Set Password API Functionality | C6: Reject password less than 8 characters | D6: PATCH | E6: /v1/auth/password/set | F6: { "password":"Pass1#", "confirmPassword":"Pass1#" } | G6: First login | H6: 1. Send POST request | I6: Status Code "422 Unprocessable Entity" with Proper Message | J6: As expected with "The password field must be at least 8 characters." | K6: Pass | L6: N/A | M6: N/A
A7: API-SET-PASS-004 | B7: (TS-AUTH-API-006) Set Password API Functionality | C7: Reject password without numbers | D7: PATCH | E7: /v1/auth/password/set | F7: { "password":"Password#", "confirmPassword":"Password#" } | G7: First login | H7: 1. Send POST request | I7: Status Code "422 Unprocessable Entity" with Proper Message | J7: As expected with "The password field must contain at least one number." | K7: Pass | L7: N/A | M7: N/A
A8: API-SET-PASS-005 | B8: (TS-AUTH-API-006) Set Password API Functionality | C8: Reject password without special character | D8: PATCH | E8: /v1/auth/password/set | F8: { "password":"Password12", "confirmPassword":"Password12" } | G8: First login | H8: 1. Send POST request | I8: Status Code "422 Unprocessable Entity" with Proper Message | J8: As expected with "The password field must contain at least one symbol." | K8: Pass | L8: N/A | M8: N/A
A9: API-SET-PASS-006 | B9: (TS-AUTH-API-006) Set Password API Functionality | C9: Reject request without access token | D9: PATCH | E9: /v1/auth/password/set | F9: Valid payload | G9: No Authorization header | H9: 1. Send POST request | I9: Status Code "401 Unauthorized" with Unauthenticated message | J9: As expected | K9: Pass | L9: N/A | M9: N/A
A10: API-SET-PASS-008 | B10: (TS-AUTH-API-006) Set Password API Functionality | C10: Prevent password reset after first login | D10: PATCH | E10: /v1/auth/password/set | F10: Valid payload | G10: User already changed password | H10: 1. Send POST request | I10: 401 or 422 | J10: Status Code "500 Internal Server Error" | K10: Not tested | L10: N/A | M10: N/A
A11: API-SET-PASS-009 | B11: (TS-AUTH-API-006) Set Password API Functionality | C11: Reject empty request body | D11: PATCH | E11: /v1/auth/password/set | F11: {} | G11: First login | H11: 1. Send POST request | I11: Status Code "422 Unprocessable Entity" with Proper Message | J11: As expected with "The password field is required." and "The confirm password field is required." | K11: Pass | L11: N/A | M11: N/A
A12: API-SET-PASS-010 | B12: (TS-AUTH-API-006) Set Password API Functionality | C12: Reject null password values | D12: PATCH | E12: /v1/auth/password/set | F12: { "password":null, "confirmPassword":null } | G12: First login | H12: 1. Send POST request | I12: Status Code "422 Unprocessable Entity" with Proper Message | J12: As expected with "The password field is required." and "The confirm password field is required." | K12: Pass | L12: N/A | M12: N/A
A13: API-SET-PASS-011 | B13: (TS-AUTH-API-006) Set Password API Functionality | C13: Reject password with only spaces and trimmed mismatch | D13: PATCH | E13: /v1/auth/password/set | F13: { "password":" ", "confirmPassword":"Password12#" } | G13: First login | H13: 1. Send POST request | I13: Status Code "422 Unprocessable Entity" with Proper Message | J13: As expected with "The password field is required."and "The confirm password field must match password." | K13: Pass | L13: N/A | M13: N/A
A14: API-SET-PASS-012 | B14: (TS-AUTH-API-006) Set Password API Functionality | C14: Reject password with expired token | D14: PATCH | E14: /v1/auth/password/set | F14: Valid payload | G14: Token expired | H14: 1. Send POST request | I14: Status Code "401 Unauthorized" with Unauthenticated message | J14: As expected | K14: Pass | L14: N/A | M14: N/A
A15: API-SET-PASS-013 | B15: (TS-AUTH-API-006) Set Password API Functionality | C15: Accept password with multiple special criteria | D15: PATCH | E15: /v1/auth/password/set | F15: { "password":"Pa$$12##@", "confirmPassword":"Pa$$12##@" } | G15: First login | H15: 1. Send POST request | I15: 200 or 204 | J15: As expected | K15: Pass | L15: N/A | M15: N/A
... A17: API-SET-PASS-015 | B17: (TS-AUTH-API-006) Set Password API Functionality | C17: Reject non-string password | D17: PATCH | E17: /v1/auth/password/set | F17: { "password":12345678, "confirmPassword":12345678 } | G17: First login | H17: 1. Send POST request | I17: Status Code "422 Unprocessable Entity" with Proper Message | J17: As expected with ""The password field must be a string." | K17: Not tested | L17: N/A | M17: N/A
A18: API-SET-PASS-016 | B18: (TS-AUTH-API-006) Set Password API Functionality | C18: Reject SQL injection in password | D18: PATCH | E18: /v1/auth/password/set | F18: { "password":"'OR 1=1--#1", "confirmPassword":"'OR 1=1--#1" } | G18: First login | H18: 1. Send POST request | I18: Status Code "422 Unprocessable Entity" with proper message or safe failure with input sanitized | K18: Not tested | L18: N/A | M18: N/A
A19: API-SET-PASS-017 | B19: (TS-AUTH-API-006) Set Password API Functionality | C19: Reject XSS payload | D19: PATCH | E19: /v1/auth/password/set | F19: { "password":"<script>alert(1)</script>1#", "confirmPassword":"<script>alert(1)</script>1#" } | G19: First login | H19: 1. Send POST request | I19: Status Code "422 Unprocessable Entity" with proper message or safe failure with input sanitized | K19: Not tested | L19: N/A | M19: N/A
A20: API-SET-PASS-018 | B20: (TS-AUTH-API-006) Set Password API Functionality | C20: Validate unicode/emoji handling | D20: PATCH | E20: /v1/auth/password/set | F20: { "password":"Pass12#😊", "confirmPassword":"Pass12#😊" } | G20: First login | H20: 1. Send POST request | I20: Status Code "200 OK" or Status Code "204 No Content" | J20: As expected | K20: Pass | L20: N/A | M20: N/A
A21: API-SET-PASS-019 | B21: (TS-AUTH-API-006) Set Password API Functionality | C21: Reject extremely long password | D21: PATCH | E21: /v1/auth/password/set | F21: 500+ chars | G21: First login | H21: 1. Send POST request | I21: Status Code "422 Unprocessable Entity" with Proper Message | K21: Not tested | L21: N/A | M21: N/A
A22: API-SET-PASS-020 | B22: (TS-AUTH-API-006) Set Password API Functionality | C22: Reject request without content-type | D22: PATCH | E22: /v1/auth/password/set | F22: Valid payload | G22: Content-Type missing | H22: 1. Send POST request | I22: Status Code "415 Unsupported Media Type" | K22: Not tested | L22: N/A | M22: N/A
A23: API-SET-PASS-021 | B23: (TS-AUTH-API-006) Set Password API Functionality | C23: Reject GET request | D23: GET | E23: /v1/auth/password/set | F23: N/A | G23: Endpoint exists | H23: 1. Send GET request | I23: Status Code "405 Method Not Allowed" | K23: Not tested | L23: N/A | M23: N/A
A24: API-SET-PASS-022 | B24: (TS-AUTH-API-006) Set Password API Functionality | C24: Prevent multiple password set attempts | D24: PATCH | E24: /v1/auth/password/set | F24: Valid payload | G24: Same token reused | H24: 1. Send parallel requests | I24: One success, others fail | K24: Not tested | L24: N/A | M24: N/A
A25: API-SET-PASS-023 | B25: (TS-AUTH-API-006) Set Password API Functionality | C25: Ensure password not in response | D25: PATCH | E25: /v1/auth/password/set | F25: Valid payload | G25: First login | H25: 1. Send POST request | I25: Password not returned | K25: Not tested | L25: N/A | M25: N/A
A26: API-SET-PASS-024 | B26: (TS-AUTH-API-006) Set Password API Functionality | C26: Validate meaningful error message | D26: PATCH | E26: /v1/auth/password/set | F26: Invalid payload | G26: First login | H26: 1. Send POST request | I26: Clear validation message | K26: Not tested | L26: N/A | M26: N/A
A27: API-SET-PASS-025 | B27: (TS-AUTH-API-006) Set Password API Functionality | C27: Prevent multiple password set attempts | D27: PATCH | E27: /v1/auth/password/set | F27: Valid payload | G27: Same token used twice | H27: 1. Send parallel requests | I27: One success, others fail | K27: Not tested | L27: N/A | M27: N/A
A28: API-SET-PASS-026 | B28: (TS-AUTH-API-006) Set Password API Functionality | C28: Ensure password not in response | D28: PATCH | E28: /v1/auth/password/set | F28: Valid payload | G28: First login | H28: 1. Send request | I28: No password in response | K28: Not tested | L28: N/A | M28: N/A
A29: API-SET-PASS-027 | B29: (TS-AUTH-API-006) Set Password API Functionality | C29: Validate meaningful error message | D29: PATCH | E29: /v1/auth/password/set | F29: Invalid payload | G29: First login | H29: 1. Send request | I29: Clear validation message | K29: Not tested | L29: N/A | M29: N/A

Sheet ForgotPasswordAPI
A1: <<<TestScenario | B1: <<<APITestScenario | C1: <<<AuthAPITestScenario
A2: Test Case ID | B2: Test Scenario | C2: Test Case Title | D2: Method | E2: API Endpoints | F2: Test Data | G2: Pre-requisites | H2: Test Steps | I2: Expected Result | J2: Actual Result | K2: Execution Status | L2: Severity | M2: Priority | N2: Attachments | O2: Notes
B3: Request To Reset Forgot Passowrd
